year,month,dow_average,month_int,gold_price,DOW_div_gold,dow_div_gold_monthly_change
1915,Jan,57.25,1,19.25,2.974207792,
1915,Feb,56.07,2,19.25,2.912842713,-0.061365079
1915,Mar,57.58,3,19.25,2.991236589,0.078393877
1915,Apr,66.79,4,19.25,3.469536178,0.478299589
1915,May,64.85,5,19.25,3.368675325,-0.100860853
1915,Jun,69.65,6,19.25,3.618252656,0.249577332
1915,Jul,71.79,7,19.25,3.729276438,0.111023781
1915,Aug,79.16,8,19.25,4.112136954,0.382860516
1915,Sep,84.00,9,19.25,4.363685838,0.251548884
1915,Oct,93.04,10,19.25,4.833168831,0.469482993
1915,Nov,95.18,11,19.25,4.944311688,0.111142857
1915,Dec,97.56,12,19.25,5.068232637,0.123920949
1916,Jan,95.18,1,19.47,4.888619855,-0.179612782
1916,Feb,94.13,2,19.47,4.834463277,-0.054156578
1916,Mar,93.52,3,19.47,4.803130792,-0.031332485
1916,Apr,91.23,4,19.47,4.685535101,-0.117595691
1916,May,90.91,5,19.47,4.66911799,-0.016417111
1916,Jun,91.00,6,19.47,4.674090676,0.004972685
1916,Jul,88.47,7,19.47,4.543939394,-0.130151282
1916,Aug,91.11,8,19.47,4.679506934,0.13556754
1916,Sep,98.12,9,19.47,5.039676425,0.360169492
1916,Oct,103.02,10,19.47,5.291241715,0.25156529
1916,Nov,107.62,11,19.47,5.527478172,0.236236457
1916,Dec,99.97,12,19.47,5.134488957,-0.392989214
1917,Jan,96.64,1,19.66,4.915541478,-0.21894748
1917,Feb,91.89,2,19.66,4.674126823,-0.241414655
1917,Mar,95.81,3,19.66,4.87355498,0.199428157
1917,Apr,92.95,4,19.66,4.727670397,-0.145884583
1917,May,92.81,5,19.66,4.720521594,-0.007148802
1917,Jun,96.88,6,19.66,4.927517803,0.206996208
1917,Jul,92.50,7,19.66,4.704912077,-0.222605726
1917,Aug,90.30,8,19.66,4.593192976,-0.1117191
1917,Sep,83.66,9,19.66,4.255394335,-0.337798641
1917,Oct,78.56,10,19.66,3.996023305,-0.25937103
1917,Nov,71.56,11,19.66,3.639699898,-0.356323407
1917,Dec,69.44,12,19.66,3.531968464,-0.107731434
1918,Jan,75.66,1,19.84,3.81374808,0.281779616
1918,Feb,79.83,2,19.84,4.023563508,0.209815428
1918,Mar,78.43,3,19.84,3.953326613,-0.070236895
1918,Apr,77.48,4,19.84,3.905196114,-0.048130499
1918,May,80.88,5,19.84,4.076612903,0.171416789
1918,Jun,80.67,6,19.84,4.065977823,-0.010635081
1918,Jul,81.66,7,19.84,4.115996151,0.050018328
1918,Aug,81.81,8,19.84,4.12335044,0.007354289
1918,Sep,82.41,9,19.84,4.153623727,0.030273287
1918,Oct,85.92,10,19.84,4.330513675,0.176889948
1918,Nov,84.47,11,19.84,4.257308468,-0.073205207
1918,Dec,82.39,12,19.84,4.152745776,-0.104562692
1919,Jan,81.61,1,20.03,4.074320338,-0.078425438
1919,Feb,82.28,2,20.03,4.108048454,0.033728116
1919,Mar,87.41,3,20.03,4.364028957,0.255980503
1919,Apr,91.08,4,20.03,4.54710791,0.183078953
1919,May,99.42,5,20.03,4.963354968,0.416247058
1919,Jun,105.27,6,20.03,5.255569027,0.29221406
1919,Jul,109.87,7,20.03,5.485181319,0.229612292
1919,Aug,102.56,8,20.03,5.120271973,-0.364909346
1919,Sep,107.74,9,20.03,5.378731902,0.258459929
1919,Oct,114.18,10,20.03,5.700381246,0.321649344
1919,Nov,110.71,11,20.03,5.527209186,-0.17317206
1919,Dec,105.55,12,20.03,5.26968638,-0.257522807
1920,Jan,104.54,1,20.63,5.0675161,-0.20217028
1920,Feb,94.36,2,20.63,4.573840685,-0.493675415
1920,Mar,99.50,3,20.63,4.82313642,0.249295735
1920,Apr,100.68,4,20.63,4.880225284,0.057088864
1920,May,91.32,5,20.63,4.426635967,-0.453589317
1920,Jun,91.26,6,20.63,4.423566739,-0.003069228
1920,Jul,90.63,7,20.63,4.39320915,-0.030357589
1920,Aug,85.35,8,20.63,4.137244965,-0.255964184
1920,Sep,86.95,9,20.63,4.214966646,0.07772168
1920,Oct,84.94,10,20.63,4.117498788,-0.097467858
1920,Nov,78.64,11,20.63,3.811682016,-0.305816772
1920,Dec,71.75,12,20.63,3.47790259,-0.333779426
1921,Jan,75.05,1,20.69,3.627517319,0.149614729
1921,Feb,75.54,2,20.69,3.651140902,0.023623583
1921,Mar,75.35,3,20.69,3.642075662,-0.00906524
1921,Apr,76.68,4,20.69,3.706299339,0.064223677
1921,May,77.20,5,20.69,3.7315013,0.025201961
1921,Jun,69.00,6,20.69,3.335098203,-0.396403097
1921,Jul,68.53,7,20.69,3.312131464,-0.022966738
1921,Aug,66.79,8,20.69,3.227961418,-0.084170046
1921,Sep,70.13,9,20.69,3.389330019,0.161368601
1921,Oct,71.23,10,20.69,3.442484292,0.053154273
1921,Nov,75.92,11,20.69,3.669456386,0.226972094
1921,Dec,79.90,12,20.69,3.861699924,0.192243538
1922,Jan,80.84,1,20.84,3.879170094,0.01747017
1922,Feb,83.94,2,20.84,4.02788441,0.148714316
1922,Mar,87.34,3,20.84,4.190937161,0.163052751
1922,Apr,91.67,4,20.84,4.398575614,0.207638453
1922,May,93.68,5,20.84,4.495179724,0.096604111
1922,Jun,93.36,6,20.84,4.479824638,-0.015355086
1922,Jul,95.18,7,20.84,4.567394434,0.087569796
1922,Aug,98.27,8,20.84,4.715388467,0.147994033
1922,Sep,99.82,9,20.84,4.789731286,0.074342819
1922,Oct,100.28,10,20.84,4.811923042,0.022191756
1922,Nov,95.84,11,20.84,4.598824376,-0.213098666
1922,Dec,97.60,12,20.84,4.683205374,0.084380998
1923,Jan,97.92,1,20.75,4.71890471,0.035699335
1923,Feb,101.81,2,20.75,4.90669344,0.187788731
1923,Mar,104.40,3,20.75,5.031462995,0.124769554
1923,Apr,101.54,4,20.75,4.893448078,-0.138014917
1923,May,96.22,5,20.75,4.636998905,-0.256449173
1923,Jun,93.72,6,20.75,4.516787149,-0.120211756
1923,Jul,89.26,7,20.75,4.301640849,-0.215146299
1923,Aug,90.91,8,20.75,4.380998279,0.07935743
1923,Sep,90.27,9,20.75,4.350234623,-0.030763656
1923,Oct,87.72,10,20.75,4.227426068,-0.122808555
1923,Nov,91.03,11,20.75,4.386746988,0.15932092
1923,Dec,94.09,12,20.75,4.53453012,0.147783133
1924,Jan,97.33,1,20.78,4.683918103,0.149387983
1924,Feb,98.70,2,20.78,4.749784712,0.065866609
1924,Mar,96.32,3,20.78,4.6351116,-0.114673112
1924,Apr,91.59,4,20.78,4.407420138,-0.227691462
1924,May,90.44,5,20.78,4.352307622,-0.055112517
1924,Jun,92.54,6,20.78,4.453137174,0.100829552
1924,Jul,98.33,7,20.78,4.731844431,0.278707257
1924,Aug,103.27,8,20.78,4.969453229,0.237608798
1924,Sep,102.90,9,20.78,4.951808057,-0.017645172
1924,Oct,102.04,10,20.78,4.910687724,-0.041120333
1924,Nov,108.27,11,20.78,5.210244894,0.299557169
1924,Dec,114.09,12,20.78,5.490353487,0.280108593
1925,Jan,122.10,1,20.75,5.884130809,0.393777322
1925,Feb,120.95,2,20.75,5.828808568,-0.055322241
1925,Mar,120.78,3,20.75,5.82067908,-0.008129488
1925,Apr,119.80,4,20.75,5.773654618,-0.047024461
1925,May,126.26,5,20.75,6.084819277,0.311164659
1925,Jun,128.76,6,20.75,6.205125958,0.120306681
1925,Jul,133.52,7,20.75,6.434552122,0.229426163
1925,Aug,139.70,8,20.75,6.732690763,0.298138642
1925,Sep,143.83,9,20.75,6.931382674,0.19869191
1925,Oct,149.79,10,20.75,7.218864028,0.287481354
1925,Nov,153.83,11,20.75,7.413291059,0.194427031
1925,Dec,154.25,12,20.75,7.433625411,0.020334352
1926,Jan,156.53,1,20.72,7.554367761,0.12074235
1926,Feb,159.21,2,20.72,7.684014372,0.129646611
1926,Mar,146.50,3,20.72,7.070547255,-0.613467116
1926,Apr,140.44,4,20.72,6.778153153,-0.292394102
1926,May,140.15,5,20.72,6.764165058,-0.013988095
1926,Jun,149.11,6,20.72,7.196450509,0.432285451
1926,Jul,156.46,7,20.72,7.551204265,0.354753757
1926,Aug,163.01,8,20.72,7.86703668,0.315832414
1926,Sep,160.15,9,20.72,7.729132193,-0.137904486
1926,Oct,151.10,10,20.72,7.292664093,-0.436468101
1926,Nov,154.53,11,20.72,7.457818533,0.16515444
1926,Dec,159.14,12,20.72,7.680417996,0.222599463
1927,Jan,154.91,1,20.75,7.465656913,-0.214761082
1927,Feb,157.24,2,20.75,7.578034242,0.112377329
1927,Mar,160.21,3,20.75,7.721131482,0.14309724
1927,Apr,164.13,4,20.75,7.909686747,0.188555265
1927,May,169.03,5,20.75,8.14616179,0.236475043
1927,Jun,169.17,6,20.75,8.152702238,0.006540448
1927,Jul,175.50,7,20.75,8.457807229,0.305104991
1927,Aug,184.82,8,20.75,8.907134625,0.449327397
1927,Sep,195.88,9,20.75,9.439816408,0.532681783
1927,Oct,188.77,10,20.75,9.097156627,-0.342659782
1927,Nov,192.86,11,20.75,9.294385542,0.197228916
1927,Dec,198.27,12,20.75,9.554997131,0.260611589
1928,Jan,198.85,1,20.78,9.569374398,0.014377267
1928,Feb,195.62,2,20.78,9.413901327,-0.155473072
1928,Mar,203.96,3,20.78,9.815402987,0.401501661
1928,Apr,211.73,4,20.78,10.18932103,0.373918038
1928,May,217.20,5,20.78,10.4525549,0.263233879
1928,Jun,209.07,6,20.78,10.06106093,-0.391493973
1928,Jul,211.08,7,20.78,10.15761309,0.096552158
1928,Aug,224.02,8,20.78,10.78057605,0.622962963
1928,Sep,239.82,9,20.78,11.54074431,0.760168253
1928,Oct,248.72,10,20.78,11.96897905,0.428234742
1928,Nov,273.80,11,20.78,13.17634013,1.207361078
1928,Dec,280.78,12,20.78,13.5120308,0.335690672
1929,Jan,306.02,1,20.72,14.76908227,1.25705147
1929,Feb,309.94,2,20.72,14.95849421,0.189411939
1929,Mar,311.20,3,20.72,15.01910393,0.060609717
1929,Apr,307.91,4,20.72,14.86059549,-0.15850844
1929,May,314.97,5,20.72,15.2012177,0.340622216
1929,Jun,315.44,6,20.72,15.22393822,0.022720523
1929,Jul,343.79,7,20.72,16.59210722,1.368168993
1929,Aug,360.71,8,20.72,17.40885803,0.816750817
1929,Sep,364.95,9,20.72,17.61341699,0.204558955
1929,Oct,320.61,10,20.72,15.47334422,-2.140072765
1929,Nov,232.59,11,20.72,11.22558483,-4.247759395
1929,Dec,246.88,12,20.72,11.91505792,0.689473087
1930,Jan,251.92,1,20.69,12.17607912,0.261021202
1930,Feb,268.56,2,20.69,12.98013972,0.804060608
1930,Mar,276.96,3,20.69,13.38606536,0.405925636
1930,Apr,288.19,4,20.69,13.92883035,0.542764992
1930,May,269.10,5,20.69,13.00647656,-0.922353794
1930,Jun,239.29,6,20.69,11.56558724,-1.440889319
1930,Jul,231.69,7,20.69,11.1980667,-0.367520541
1930,Aug,230.78,8,20.69,11.15437409,-0.043692605
1930,Sep,231.50,9,20.69,11.18878685,0.03441276
1930,Oct,196.18,10,20.69,9.482098375,-1.706688478
1930,Nov,182.47,11,20.69,8.819273525,-0.66282485
1930,Dec,169.89,12,20.69,8.211324683,-0.607948842
1931,Jan,168.50,1,22.59,7.459052678,-0.752272005
1931,Feb,181.31,2,22.59,8.026077508,0.56702483
1931,Mar,181.87,3,22.59,8.05070317,0.024625662
1931,Apr,162.02,4,22.59,7.172377158,-0.878326012
1931,May,142.90,5,22.59,6.32580788,-0.846569278
1931,Jun,138.42,6,22.59,6.127626247,-0.198181632
1931,Jul,143.43,7,22.59,6.349133381,0.221507134
1931,Aug,138.78,8,22.59,6.143630606,-0.205502775
1931,Sep,118.83,9,22.59,5.260439723,-0.883190883
1931,Oct,101.96,10,22.59,4.513399394,-0.747040329
1931,Nov,104.02,11,22.59,4.604769328,0.091369935
1931,Dec,81.16,12,22.59,3.59291722,-1.011852108
1932,Jan,79.42,1,20.78,3.82213667,0.22921945
1932,Feb,80.02,2,20.78,3.850901787,0.028765117
1932,Mar,81.47,3,20.78,3.920374621,0.069472834
1932,Apr,62.69,4,20.78,3.016954172,-0.903420449
1932,May,53.31,5,20.78,2.565543792,-0.45141038
1932,Jun,46.88,6,20.78,2.256052417,-0.309491375
1932,Jul,46.19,7,20.78,2.222690087,-0.033362331
1932,Aug,67.48,8,20.78,3.247246284,1.024556197
1932,Sep,72.56,9,20.78,3.49201155,0.244765266
1932,Oct,63.55,10,20.78,3.05813282,-0.43387873
1932,Nov,62.14,11,20.78,2.990455566,-0.067677254
1932,Dec,59.17,12,20.78,2.847227364,-0.143228203
1933,Jan,61.90,1,26.47,2.338653822,-0.508573542
1933,Feb,56.11,2,26.47,2.119895594,-0.218758228
1933,Mar,57.58,3,26.47,2.175208832,0.055313238
1933,Apr,64.97,4,26.47,2.454508248,0.279299417
1933,May,81.63,5,26.47,3.084042893,0.629534645
1933,Jun,94.06,6,26.47,3.553369562,0.469326669
1933,Jul,100.37,7,26.47,3.791871301,0.238501739
1933,Aug,98.41,8,26.47,3.717744452,-0.074126849
1933,Sep,100.37,9,26.47,3.791871301,0.074126849
1933,Oct,92.84,10,26.47,3.50736683,-0.28450447
1933,Nov,96.39,11,26.47,3.641386475,0.134019645
1933,Dec,99.32,12,26.47,3.75217227,0.110785795
1934,Jan,102.69,1,35,2.933956044,-0.818216227
1934,Feb,107.27,2,35,3.064805195,0.130849151
1934,Mar,102.07,3,35,2.916373626,-0.148431568
1934,Apr,104.26,4,35,2.978857143,0.062483516
1934,May,95.28,5,35,2.722307692,-0.256549451
1934,Jun,96.73,6,35,2.763626374,0.041318681
1934,Jul,94.48,7,35,2.699314286,-0.064312088
1934,Aug,91.62,8,35,2.617671958,-0.081642328
1934,Sep,90.54,9,35,2.586904762,-0.030767196
1934,Oct,93.53,10,35,2.672307692,0.08540293
1934,Nov,99.29,11,35,2.83689441,0.164586718
1934,Dec,101.62,12,35,2.903428571,0.066534161
1935,Jan,103.09,1,35,2.945494505,0.042065934
1935,Feb,103.01,2,35,2.943246753,-0.002247752
1935,Mar,99.85,3,35,2.852857143,-0.09038961
1935,Apr,105.98,4,35,3.028,0.175142857
1935,May,113.50,5,35,3.242857143,0.214857143
1935,Jun,116.85,6,35,3.338514286,0.095657143
1935,Jul,122.73,7,35,3.506593407,0.168079121
1935,Aug,127.15,8,35,3.632804233,0.126210826
1935,Sep,131.45,9,35,3.755714286,0.122910053
1935,Oct,135.43,10,35,3.869450549,0.113736264
1935,Nov,144.33,11,35,4.123850932,0.254400382
1935,Dec,141.70,12,35,4.048685714,-0.075165217
1936,Jan,145.93,1,35,4.16956044,0.120874725
1936,Feb,151.75,2,35,4.335652174,0.166091734
1936,Mar,155.91,3,35,4.454615385,0.118963211
1936,Apr,155.82,4,35,4.451885714,-0.00272967
1936,May,149.31,5,35,4.265942857,-0.185942857
1936,Jun,155.20,6,35,4.434285714,0.168342857
1936,Jul,162.29,7,35,4.636923077,0.202637363
1936,Aug,165.87,8,35,4.739120879,0.102197802
1936,Sep,167.82,9,35,4.794742857,0.055621978
1936,Oct,175.02,10,35,5.00043956,0.205696703
1936,Nov,182.09,11,35,5.202597403,0.202157842
1936,Dec,180.02,12,35,5.143542857,-0.059054545
1937,Jan,183.48,1,35,5.242285714,0.098742857
1937,Feb,188.04,2,35,5.372467532,0.130181818
1937,Mar,188.40,3,35,5.382857143,0.01038961
1937,Apr,179.34,4,35,5.123956044,-0.258901099
1937,May,173.05,5,35,4.944404762,-0.179551282
1937,Jun,170.09,6,35,4.85967033,-0.084734432
1937,Jul,180.25,7,35,5.150057143,0.290386813
1937,Aug,184.38,8,35,5.268021978,0.117964835
1937,Sep,160.10,9,35,4.5744,-0.693621978
1937,Oct,138.60,10,35,3.959885714,-0.614514286
1937,Nov,125.09,11,35,3.574037267,-0.385848447
1937,Dec,125.55,12,35,3.587142857,0.01310559
1938,Jan,128.38,1,35,3.668114286,0.080971429
1938,Feb,126.08,2,35,3.602337662,-0.065776623
1938,Mar,119.08,3,35,3.402222222,-0.20011544
1938,Apr,112.85,4,35,3.224342857,-0.177879365
1938,May,114.22,5,35,3.263314286,0.038971429
1938,Jun,118.79,6,35,3.393956044,0.130641758
1938,Jul,139.47,7,35,3.9848,0.590843956
1938,Aug,140.97,8,35,4.027619048,0.042819048
1938,Sep,137.05,9,35,3.915771429,-0.111847619
1938,Oct,150.37,10,35,4.296228571,0.380457143
1938,Nov,151.97,11,35,4.341987578,0.045759006
1938,Dec,150.12,12,35,4.289230769,-0.052756808
1939,Jan,146.88,1,34.69,4.234188527,-0.055042242
1939,Feb,144.60,2,34.69,4.168217196,-0.06597133
1939,Mar,145.07,3,34.69,4.181800711,0.013583515
1939,Apr,127.73,4,34.69,3.682137023,-0.499663688
1939,May,132.56,5,34.69,3.821318491,0.139181468
1939,Jun,136.52,6,34.69,3.935295031,0.113976539
1939,Jul,139.26,7,34.69,4.014528683,0.079233652
1939,Aug,137.89,8,34.69,3.974995462,-0.03953322
1939,Sep,150.72,9,34.69,4.344767945,0.369772482
1939,Oct,152.16,10,34.69,4.386393773,0.041625829
1939,Nov,149.99,11,34.69,4.323636683,-0.062757091
1939,Dec,148.53,12,34.69,4.281695013,-0.04194167
1940,Jan,147.60,1,34.06,4.333416143,0.05172113
1940,Feb,147.28,2,34.06,4.324210473,-0.009205671
1940,Mar,147.14,3,34.06,4.319906048,-0.004304424
1940,Apr,148.92,4,34.06,4.37226162,0.052355572
1940,May,130.77,5,34.06,3.839265549,-0.53299607
1940,Jun,119.48,6,34.06,3.507927187,-0.331338362
1940,Jul,122.23,7,34.06,3.588689643,0.080762455
1940,Aug,125.33,8,34.06,3.679672038,0.090982396
1940,Sep,131.46,9,34.06,3.859610491,0.179938453
1940,Oct,132.40,10,34.06,3.887370703,0.027760212
1940,Nov,133.90,11,34.06,3.93129771,0.043927007
1940,Dec,130.45,12,34.06,3.829947152,-0.101350558
1941,Jan,130.17,1,34.06,3.821762501,-0.008184652
1941,Feb,121.69,2,34.06,3.572839374,-0.248923126
1941,Mar,122.53,3,34.06,3.597610552,0.024771177
1941,Apr,119.11,4,34.06,3.497122725,-0.100487827
1941,May,116.44,5,34.06,3.418627761,-0.078494964
1941,Jun,121.58,6,34.06,3.569465649,0.150837888
1941,Jul,127.58,7,34.06,3.745765391,0.176299743
1941,Aug,126.68,8,34.06,3.719341434,-0.026423958
1941,Sep,127.35,9,34.06,3.738931298,0.019589864
1941,Oct,121.80,10,34.06,3.576155201,-0.162776096
1941,Nov,116.91,11,34.06,3.432445417,-0.143709784
1941,Dec,110.68,12,34.06,3.249695108,-0.182750309
1942,Jan,111.12,1,34.06,3.262455395,0.012760287
1942,Feb,107.29,2,34.06,3.149922596,-0.112532799
1942,Mar,101.62,3,34.06,2.983648765,-0.166273832
1942,Apr,97.80,4,34.06,2.871520846,-0.112127919
1942,May,98.42,5,34.06,2.889724016,0.018203171
1942,Jun,103.76,6,34.06,3.046320972,0.156596956
1942,Jul,106.95,7,34.06,3.139934053,0.093613081
1942,Aug,106.10,8,34.06,3.114978093,-0.02495596
1942,Sep,107.42,9,34.06,3.153728714,0.038750621
1942,Oct,113.51,10,34.06,3.332580514,0.1788518
1942,Nov,115.32,11,34.06,3.385736401,0.053155887
1942,Dec,117.17,12,34.06,3.439970188,0.054233787
1943,Jan,121.54,1,34.06,3.568408691,0.128438502
1943,Feb,127.41,2,34.06,3.740724924,0.172316233
1943,Mar,131.15,3,34.06,3.850503469,0.109778545
1943,Apr,134.13,4,34.06,3.938109219,0.08760575
1943,May,138.61,5,34.06,4.069524369,0.13141515
1943,Jun,141.25,6,34.06,4.147206288,0.077681919
1943,Jul,142.91,7,34.06,4.195763133,0.048556845
1943,Aug,136.34,8,34.06,4.002890826,-0.192872307
1943,Sep,138.90,9,34.06,4.078097475,0.075206649
1943,Oct,138.26,10,34.06,4.059189665,-0.01890781
1943,Nov,132.68,11,34.06,3.895555158,-0.163634507
1943,Dec,134.57,12,34.06,3.951059217,0.055504058
1944,Jan,137.76,1,34.06,4.044509689,0.093450472
1944,Feb,135.98,2,34.06,3.992315351,-0.052194337
1944,Mar,139.07,3,34.06,4.082990801,0.090675449
1944,Apr,137.20,4,34.06,4.028063222,-0.054927579
1944,May,139.23,5,34.06,4.087695921,0.059632699
1944,Jun,145.46,6,34.06,4.270631013,0.182935092
1944,Jul,148.37,7,34.06,4.35607751,0.085446497
1944,Aug,146.74,8,34.06,4.308162067,-0.047915443
1944,Sep,145.21,9,34.06,4.263309845,-0.044852222
1944,Oct,147.68,10,34.06,4.335995302,0.072685457
1944,Nov,146.87,11,34.06,4.312211187,-0.023784115
1944,Dec,150.34,12,34.06,4.413975338,0.10176415
1945,Jan,153.96,1,35,4.398901099,-0.015074239
1945,Feb,157.14,2,35,4.48961039,0.090709291
1945,Mar,157.23,3,35,4.492307692,0.002697303
1945,Apr,160.47,4,35,4.584880952,0.09257326
1945,May,165.58,5,35,4.730769231,0.145888278
1945,Jun,167.33,6,35,4.780879121,0.05010989
1945,Jul,163.92,7,35,4.683401361,-0.09747776
1945,Aug,166.17,8,35,4.747619048,0.064217687
1945,Sep,177.96,9,35,5.084596273,0.336977226
1945,Oct,185.08,10,35,5.287857143,0.20326087
1945,Nov,190.22,11,35,5.434906832,0.147049689
1945,Dec,192.74,12,35,5.506904762,0.07199793
1946,Jan,199.00,1,35,5.685824176,0.178919414
1946,Feb,199.41,2,35,5.69755102,0.011726845
1946,Mar,194.38,3,35,5.553736264,-0.143814757
1946,Apr,205.80,4,35,5.880114286,0.326378022
1946,May,206.64,5,35,5.904,0.023885714
1946,Jun,207.33,6,35,5.923571429,0.019571429
1946,Jul,202.28,7,35,5.779350649,-0.144220779
1946,Aug,199.45,8,35,5.698571429,-0.080779221
1946,Sep,172.74,9,35,4.935285714,-0.763285714
1946,Oct,169.48,10,35,4.842307692,-0.092978022
1946,Nov,168.94,11,35,4.826832298,-0.015475394
1946,Dec,174.39,12,35,4.982628571,0.155796273
1947,Jan,176.11,1,35,5.031648352,0.04901978
1947,Feb,181.54,2,35,5.186883117,0.155234765
1947,Mar,176.68,3,35,5.047912088,-0.138971029
1947,Apr,171.28,4,35,4.8936,-0.154312088
1947,May,168.69,5,35,4.819657143,-0.073942857
1947,Jun,173.76,6,35,4.96462585,0.144968707
1947,Jul,183.53,7,35,5.243636364,0.279010513
1947,Aug,180.08,8,35,5.145170068,-0.098466296
1947,Sep,176.81,9,35,5.051836735,-0.093333333
1947,Oct,181.92,10,35,5.197692308,0.145855573
1947,Nov,181.45,11,35,5.184155844,-0.013536464
1947,Dec,179.18,12,35,5.119340659,-0.064815185
1948,Jan,176.26,1,35,5.036114286,-0.083226374
1948,Feb,168.65,2,35,4.818592593,-0.217521693
1948,Mar,169.95,3,35,4.855604396,0.037011803
1948,Apr,180.06,4,35,5.144615385,0.289010989
1948,May,186.39,5,35,5.325357143,0.180741758
1948,Jun,191.06,6,35,5.458961039,0.133603896
1948,Jul,187.07,7,35,5.344761905,-0.114199134
1948,Aug,181.77,8,35,5.193506494,-0.151255411
1948,Sep,180.34,9,35,5.152517007,-0.040989487
1948,Oct,185.19,10,35,5.291085714,0.138568707
1948,Nov,176.60,11,35,5.045838509,-0.245247205
1948,Dec,176.32,12,35,5.037582418,-0.008256092
1949,Jan,179.75,1,31.88,5.638268507,0.600686089
1949,Feb,174.45,2,31.88,5.472225391,-0.166043116
1949,Mar,175.88,3,31.88,5.51698499,0.044759599
1949,Apr,175.65,4,31.88,5.5097867,-0.00719829
1949,May,174.03,5,31.88,5.458751568,-0.051035132
1949,Jun,165.60,6,31.88,5.194479297,-0.264272271
1949,Jul,173.34,7,31.88,5.437264743,0.242785445
1949,Aug,179.25,8,31.88,5.622579237,0.185314495
1949,Sep,180.92,9,31.88,5.675001494,0.052422256
1949,Oct,186.47,10,31.88,5.849184442,0.174182948
1949,Nov,191.61,11,31.88,6.010310403,0.161125961
1949,Dec,196.78,12,31.88,6.172521957,0.162211554
1950,Jan,199.75,1,35,5.7072,-0.465321957
1950,Feb,203.46,2,35,5.813116883,0.105916883
1950,Mar,206.30,3,35,5.894285714,0.081168831
1950,Apr,212.67,4,35,6.076309524,0.18202381
1950,May,219.36,5,35,6.267472527,0.191163004
1950,Jun,221.02,6,35,6.314805195,0.047332667
1950,Jul,205.31,7,35,5.866,-0.448805195
1950,Aug,216.61,8,35,6.188819876,0.322819876
1950,Sep,223.20,9,35,6.377142857,0.188322981
1950,Oct,229.19,10,35,6.548331797,0.17118894
1950,Nov,229.38,11,35,6.553664596,0.005332799
1950,Dec,229.25,12,35,6.550119048,-0.003545549
1951,Jan,244.45,1,35,6.984285714,0.434166667
1951,Feb,253.32,2,35,7.237792208,0.253506494
1951,Mar,249.50,3,35,7.128461538,-0.109330669
1951,Apr,253.36,4,35,7.238971429,0.11050989
1951,May,254.36,5,35,7.267472527,0.028501099
1951,Jun,249.32,6,35,7.123401361,-0.144071167
1951,Jul,253.61,7,35,7.245986395,0.122585034
1951,Aug,264.93,8,35,7.569440994,0.323454599
1951,Sep,273.37,9,35,7.810526316,0.241085322
1951,Oct,269.73,10,35,7.706703297,-0.103823019
1951,Nov,259.61,11,35,7.417515528,-0.289187769
1951,Dec,266.08,12,35,7.6024,0.184884472
1952,Jan,271.72,1,34.69,7.832782668,0.230382668
1952,Feb,265.20,2,34.69,7.644854425,-0.187928244
1952,Mar,264.50,3,34.69,7.624564827,-0.020289598
1952,Apr,262.55,4,34.69,7.568521188,-0.056043639
1952,May,261.62,5,34.69,7.541539349,-0.026981839
1952,Jun,268.39,6,34.69,7.736688218,0.19514887
1952,Jul,276.05,7,34.69,7.957624676,0.220936458
1952,Aug,276.70,8,34.69,7.976362064,0.018737388
1952,Sep,272.41,9,34.69,7.852818844,-0.12354322
1952,Oct,267.78,10,34.69,7.719148825,-0.13367002
1952,Nov,276.38,11,34.69,7.967035762,0.247886937
1952,Dec,285.96,12,34.69,8.243402605,0.276366843
1953,Jan,288.45,1,35,8.241496599,-0.001906006
1953,Feb,283.96,2,35,8.113174603,-0.128321995
1953,Mar,286.79,3,35,8.194025974,0.080851371
1953,Apr,275.29,4,35,7.865306122,-0.328719852
1953,May,276.84,5,35,7.909795918,0.044489796
1953,Jun,266.89,6,35,7.625324675,-0.284471243
1953,Jul,270.33,7,35,7.723602484,0.098277809
1953,Aug,272.20,8,35,7.777278912,0.053676427
1953,Sep,261.90,9,35,7.482993197,-0.294285714
1953,Oct,270.72,10,35,7.734829932,0.251836735
1953,Nov,277.09,11,35,7.916984127,0.182154195
1953,Dec,281.15,12,35,8.032987013,0.116002886
1954,Jan,286.64,1,35.31,8.117813651,0.084826638
1954,Feb,292.13,2,35.31,8.273338401,0.155524751
1954,Mar,299.16,3,35.31,8.472288919,0.198950518
1954,Apr,310.85,4,35.31,8.803442239,0.33115332
1954,May,322.85,5,35.31,9.143302181,0.339859942
1954,Jun,327.91,6,35.31,9.286707345,0.143405165
1954,Jul,341.27,7,35.31,9.665007889,0.378300544
1954,Aug,346.06,8,35.31,9.800726037,0.135718148
1954,Sep,352.71,9,35.31,9.989076344,0.188350307
1954,Oct,358.29,10,35.31,10.14699734,0.157920999
1954,Nov,375.71,11,35.31,10.64018692,0.493189573
1954,Dec,393.84,12,35.31,11.15380654,0.513619629
1955,Jan,398.43,1,35.31,11.2838667,0.13006016
1955,Feb,410.26,2,35.31,11.61874525,0.334878544
1955,Mar,408.91,3,35.31,11.58053514,-0.038210113
1955,Apr,423.00,4,35.31,11.97960918,0.39907404
1955,May,421.68,5,35.31,11.94217451,-0.03743467
1955,Jun,440.83,6,35.31,12.48461677,0.542442265
1955,Jul,462.17,7,35.31,13.08878505,0.604168276
1955,Aug,457.31,8,35.31,12.95137478,-0.137410267
1955,Sep,476.44,9,35.31,13.49300751,0.541632732
1955,Oct,452.65,10,35.31,12.81938207,-0.67362544
1955,Nov,476.60,11,35.31,13.49745115,0.678069075
1955,Dec,484.58,12,35.31,13.72361802,0.226166876
1956,Jan,474.75,1,35.31,13.44513223,-0.278485793
1956,Feb,475.53,2,35.31,13.46728972,0.022157489
1956,Mar,502.67,3,35.31,14.2358161,0.768526385
1956,Apr,511.05,4,35.31,14.47316961,0.237353508
1956,May,495.21,5,35.31,14.02461317,-0.448556447
1956,Jun,485.33,6,35.31,13.74492589,-0.279687272
1956,Jul,509.75,7,35.31,14.43648771,0.691561813
1956,Aug,511.69,8,35.31,14.49139916,0.054911453
1956,Sep,495.03,9,35.31,14.01943687,-0.471962293
1956,Oct,483.81,10,35.31,13.70187039,-0.317566477
1956,Nov,479.36,11,35.31,13.57561597,-0.126254417
1956,Dec,492.02,12,35.31,13.93417699,0.358561016
1957,Jan,485.90,1,35,13.88285714,-0.051319846
1957,Feb,466.83,2,35,13.33804511,-0.54481203
1957,Mar,472.77,3,35,13.50761905,0.169573935
1957,Apr,485.42,4,35,13.8692517,0.361632653
1957,May,500.83,5,35,14.30935065,0.440098949
1957,Jun,505.29,6,35,14.43671429,0.127363636
1957,Jul,514.65,7,35,14.70415584,0.267441558
1957,Aug,487.97,8,35,13.94207792,-0.762077922
1957,Sep,471.80,9,35,13.47985714,-0.462220779
1957,Oct,443.38,10,35,12.66795031,-0.811906832
1957,Nov,436.73,11,35,12.47789474,-0.190055574
1957,Dec,436.96,12,35,12.48462585,0.006731113
1958,Jan,445.69,1,35.31,12.62210036,0.137474508
1958,Feb,444.16,2,35.31,12.57887284,-0.043227517
1958,Mar,450.15,3,35.31,12.7485806,0.169707758
1958,Apr,446.91,4,35.31,12.65687583,-0.091704765
1958,May,460.04,5,35.31,13.02868471,0.371808876
1958,Jun,471.98,6,35.31,13.36664374,0.33795903
1958,Jul,488.30,7,35.31,13.82881491,0.462171172
1958,Aug,507.55,8,35.31,14.37404755,0.54523264
1958,Sep,521.81,9,35.31,14.7779531,0.403905544
1958,Oct,539.85,10,35.31,15.28880844,0.510855346
1958,Nov,557.11,11,35.31,15.77771484,0.488906401
1958,Dec,566.44,12,35.31,16.04199539,0.264280545
1959,Jan,592.30,1,35.31,16.77428491,0.732289517
1959,Feb,590.72,2,35.31,16.72941913,-0.044865775
1959,Mar,609.13,3,35.31,17.25101482,0.521595691
1959,Apr,617.00,4,35.31,17.47367473,0.222659904
1959,May,630.80,5,35.31,17.86476244,0.391087719
1959,Jun,631.52,6,35.31,17.88496692,0.020204472
1959,Jul,662.81,7,35.31,18.77127262,0.886305708
1959,Aug,660.58,8,35.31,18.70790684,-0.063365786
1959,Sep,635.49,9,35.31,17.99746463,-0.710442206
1959,Oct,637.35,10,35.31,18.05012744,0.05266281
1959,Nov,646.43,11,35.31,18.30732311,0.257195665
1959,Dec,671.36,12,35.31,19.01341366,0.706090553
1960,Jan,655.39,1,35.31,18.56103087,-0.452382791
1960,Feb,624.89,2,35.31,17.6972529,-0.863777967
1960,Mar,614.70,3,35.31,17.40878923,-0.28846367
1960,Apr,619.98,4,35.31,17.55805721,0.149267974
1960,May,615.63,5,35.31,17.43509865,-0.122958558
1960,Jun,644.39,6,35.31,18.24953014,0.814431486
1960,Jul,625.83,7,35.31,17.72387426,-0.525655879
1960,Aug,624.47,8,35.31,17.68546908,-0.038405181
1960,Sep,598.10,9,35.31,16.93867918,-0.746789893
1960,Oct,582.47,10,35.31,16.49579911,-0.442880069
1960,Nov,601.14,11,35.31,17.02449731,0.528698197
1960,Dec,609.54,12,35.31,17.26261278,0.238115467
1961,Jan,632.20,1,35.31,17.90441127,0.641798492
1961,Feb,650.02,2,35.31,18.40883006,0.504418793
1961,Mar,670.57,3,35.31,18.99088592,0.582055858
1961,Apr,684.90,4,35.31,19.39662985,0.40574393
1961,May,693.03,5,35.31,19.62711224,0.230482394
1961,Jun,691.46,6,35.31,19.58252877,-0.044583473
1961,Jul,690.67,7,35.31,19.56018125,-0.022347519
1961,Aug,718.64,8,35.31,20.3522835,0.79210225
1961,Sep,711.02,9,35.31,20.13650524,-0.215778262
1961,Oct,703.01,10,35.31,19.9097603,-0.226744934
1961,Nov,724.74,11,35.31,20.52492212,0.615161814
1961,Dec,728.44,12,35.31,20.6297083,0.10478618
1962,Jan,705.15,1,35.31,19.97026338,-0.659444916
1962,Feb,711.95,2,35.31,20.16291792,0.192654534
1962,Mar,714.20,3,35.31,20.22656471,0.063646798
1962,Apr,690.29,4,35.31,19.54927782,-0.677286888
1962,May,643.71,5,35.31,18.23022064,-1.319057182
1962,Jun,572.65,6,35.31,16.21785276,-2.012367883
1962,Jul,581.79,7,35.31,16.476649,0.25879624
1962,Aug,602.50,8,35.31,17.06327805,0.586629047
1962,Sep,597.02,9,35.31,16.9079879,-0.15529015
1962,Oct,580.67,10,35.31,16.44490414,-0.463083756
1962,Nov,628.83,11,35.31,17.80883602,1.363931883
1962,Dec,648.38,12,35.31,18.36250354,0.553667516
1963,Jan,672.10,1,35.31,19.03426791,0.671764373
1963,Feb,679.74,2,35.31,19.25069684,0.216428923
1963,Mar,674.63,3,35.31,19.10587855,-0.14481829
1963,Apr,707.12,4,35.31,20.02616283,0.920284285
1963,May,720.84,5,35.31,20.41463917,0.38847634
1963,Jun,719.15,6,35.31,20.36661003,-0.048029144
1963,Jul,700.75,7,35.31,19.84565279,-0.520957236
1963,Aug,714.16,8,35.31,20.22540614,0.379753353
1963,Sep,738.53,9,35.31,20.91546304,0.690056899
1963,Oct,747.53,10,35.31,21.17050226,0.255039218
1963,Nov,743.24,11,35.31,21.04912049,-0.121381771
1963,Dec,759.96,12,35.31,21.52243395,0.473313464
1964,Jan,777.07,1,35.31,22.00702866,0.484594703
1964,Feb,793.02,2,35.31,22.45882335,0.451794699
1964,Mar,812.19,3,35.31,23.00157786,0.542754507
1964,Apr,820.96,4,35.31,23.25004506,0.248467194
1964,May,823.13,5,35.31,23.31152648,0.061481424
1964,Jun,817.65,6,35.31,23.15620092,-0.155325558
1964,Jul,844.25,7,35.31,23.90978605,0.753585129
1964,Aug,835.31,8,35.31,23.65645777,-0.253328282
1964,Sep,863.55,9,35.31,24.45631212,0.799854351
1964,Oct,875.27,10,35.31,24.7881105,0.331798382
1964,Nov,880.03,11,35.31,24.92301271,0.134902213
1964,Dec,866.73,12,35.31,24.54635566,-0.376657059
1965,Jan,889.91,1,35.31,25.20277542,0.656419763
1965,Feb,894.42,2,35.31,25.33053109,0.127755668
1965,Mar,896.45,3,35.31,25.38805364,0.057522551
1965,Apr,907.72,4,35.31,25.70713814,0.3190845
1965,May,927.50,5,35.31,26.26720476,0.560066621
1965,Jun,878.07,6,35.31,24.86753688,-1.399667877
1965,Jul,873.44,7,35.31,24.73641623,-0.131120649
1965,Aug,887.71,8,35.31,25.14044438,0.404028144
1965,Sep,922.20,9,35.31,26.11711238,0.976668003
1965,Oct,944.78,10,35.31,26.75675311,0.639640733
1965,Nov,953.31,11,35.31,26.99830076,0.241547653
1965,Dec,955.20,12,35.31,27.05195541,0.053654643
1966,Jan,985.93,1,35.31,27.92207792,0.870122514
1966,Feb,977.15,2,35.31,27.67353814,-0.248539786
1966,Mar,926.43,3,35.31,26.23717878,-1.436359359
1966,Apr,943.46,4,35.31,26.71920136,0.482022583
1966,May,890.71,5,35.31,25.2254184,-1.493782956
1966,Jun,888.83,6,35.31,25.17224067,-0.053177729
1966,Jul,875.89,7,35.31,24.80557916,-0.366661517
1966,Aug,817.55,8,35.31,23.15343603,-1.65214313
1966,Sep,791.66,9,35.31,22.42033149,-0.73310454
1966,Oct,778.11,10,35.31,22.03665493,-0.383676552
1966,Nov,806.56,11,35.31,22.84225432,0.805599385
1966,Dec,800.88,12,35.31,22.68128549,-0.160968834
1967,Jan,830.55,1,35.31,23.52173268,0.840447196
1967,Feb,851.12,2,35.31,24.10424958,0.582516898
1967,Mar,858.12,3,35.31,24.30254113,0.19829155
1967,Apr,868.66,4,35.31,24.6009629,0.298421771
1967,May,883.74,5,35.31,25.02806313,0.427100229
1967,Jun,872.66,6,35.31,24.71434824,-0.313714889
1967,Jul,888.51,7,35.31,25.16298499,0.44863675
1967,Aug,912.48,8,35.31,25.84192186,0.67893687
1967,Sep,923.46,9,35.31,26.15278958,0.310867718
1967,Oct,907.55,10,35.31,25.70222188,-0.450567699
1967,Nov,865.44,11,35.31,24.509629,-1.192592879
1967,Dec,887.20,12,35.31,25.12602662,0.616397621
1968,Jan,884.78,1,40.31,21.94932455,-3.176702068
1968,Feb,847.20,2,40.31,21.01711734,-0.932207212
1968,Mar,834.76,3,40.31,20.70843818,-0.308679165
1968,Apr,893.38,4,40.31,22.16273877,1.454300599
1968,May,905.23,5,40.31,22.4567556,0.294016824
1968,Jun,906.82,6,40.31,22.49624236,0.039486758
1968,Jul,905.33,7,40.31,22.45917667,-0.037065682
1968,Aug,883.73,8,40.31,21.92328896,-0.53588772
1968,Sep,922.82,9,40.31,22.8931662,0.969877242
1968,Oct,955.48,10,40.31,23.7032443,0.810078104
1968,Nov,964.13,11,40.31,23.91787179,0.214627487
1968,Dec,968.39,12,40.31,24.02353979,0.105668001
1969,Jan,935.00,1,41.88,22.32558392,-1.697955869
1969,Feb,931.31,2,41.88,22.23747745,-0.088106471
1969,Mar,916.52,3,41.88,21.88431232,-0.353165128
1969,Apr,927.38,4,41.88,22.14365307,0.259340747
1969,May,954.88,5,41.88,22.80029108,0.656638013
1969,Jun,896.62,6,41.88,21.40924182,-1.391049256
1969,Jul,844.02,7,41.88,20.15327239,-1.255969436
1969,Aug,825.46,8,41.88,19.71016965,-0.443102743
1969,Sep,826.72,9,41.88,19.74018738,0.030017738
1969,Oct,832.52,10,41.88,19.87863876,0.138451377
1969,Nov,841.10,11,41.88,20.08357211,0.20493335
1969,Dec,789.23,12,41.88,18.84496831,-1.238603803
1970,Jan,782.93,1,36.56,21.41502553,2.570057221
1970,Feb,756.22,2,36.56,20.68423932,-0.730786211
1970,Mar,777.63,3,36.56,21.27005835,0.585819033
1970,Apr,771.65,4,36.56,21.10652477,-0.163533585
1970,May,691.97,5,36.56,18.92687819,-2.179646575
1970,Jun,699.30,6,36.56,19.12746171,0.200583516
1970,Jul,712.81,7,36.56,19.49696638,0.369504675
1970,Aug,731.98,8,36.56,20.02136084,0.52439446
1970,Sep,759.39,9,36.56,20.77094405,0.749583203
1970,Oct,763.74,10,36.56,20.8899443,0.119000256
1970,Nov,769.28,11,36.56,21.04143873,0.15149443
1970,Dec,821.51,12,36.56,22.47028546,1.428846728
1971,Jan,849.04,1,37.88,22.41393875,-0.056346705
1971,Feb,879.69,2,38.74,22.7076597,0.293720948
1971,Mar,901.29,3,38.87,23.18721267,0.479552969
1971,Apr,932.54,4,39.01,23.90522577,0.718013095
1971,May,925.51,5,40.52,22.84069595,-1.064529814
1971,Jun,900.45,6,40.1,22.45499887,-0.385697086
1971,Jul,887.81,7,40.95,21.68033025,-0.774668615
1971,Aug,875.41,8,42.71,20.49669015,-1.1836401
1971,Sep,901.22,9,42.03,21.44239376,0.945703604
1971,Oct,872.15,10,42.5,20.52112045,-0.921273307
1971,Nov,822.11,11,42.86,19.1812768,-1.339843644
1971,Dec,869.92,12,43.48,20.00731789,0.826041085
1972,Jan,904.65,1,45.75,19.77382253,-0.233495355
1972,Feb,914.37,2,48.26,18.94674679,-0.827075746
1972,Mar,939.23,3,48.33,19.4337227,0.486975914
1972,Apr,958.17,4,49.03,19.54242301,0.108700304
1972,May,948.22,5,54.62,17.36035751,-2.182065495
1972,Jun,943.44,6,62.09,15.19465878,-2.165698732
1972,Jul,925.94,7,65.66,14.10204082,-1.092617963
1972,Aug,958.36,8,67.03,14.29742685,0.195386033
1972,Sep,950.60,9,65.46,14.52176902,0.224342169
1972,Oct,944.10,10,64.86,14.55603678,0.034267759
1972,Nov,"1,001.20",11,62.91,15.91471944,1.358682662
1972,Dec,"1,020.32",12,63.91,15.96496718,0.050247742
1973,Jan,"1,026.82",1,65.14,15.76333757,-0.201629609
1973,Feb,974.05,2,74.2,13.12732302,-2.636014549
1973,Mar,957.36,3,84.46,11.33505909,-1.792263933
1973,Apr,944.12,4,90.51,10.43105734,-0.90400175
1973,May,922.41,5,102.56,8.99384839,-1.437208951
1973,Jun,893.90,6,120.2,7.436772047,-1.557076344
1973,Jul,903.61,7,119.92,7.535102767,0.09833072
1973,Aug,883.73,8,106.58,8.291750634,0.756647867
1973,Sep,909.99,9,102.67,8.863246067,0.571495433
1973,Oct,967.63,10,100.08,9.668526049,0.805279982
1973,Nov,878.99,11,95.22,9.231153919,-0.437372129
1973,Dec,824.08,12,106.75,7.71971897,-1.51143495
1974,Jan,857.25,1,129.51,6.619179986,-1.100538983
1974,Feb,831.33,2,151.22,5.497462742,-1.121717244
1974,Mar,874.01,3,168.58,5.184538639,-0.312924102
1974,Apr,847.79,4,172.12,4.925550281,-0.258988359
1974,May,830.26,5,162.95,5.095204887,0.169654607
1974,Jun,831.45,6,153.79,5.406398335,0.311193448
1974,Jul,783.01,7,143.99,5.437940766,0.031542431
1974,Aug,729.30,8,154.49,4.720693896,-0.71724687
1974,Sep,651.29,9,151.42,4.301215163,-0.419478733
1974,Oct,638.62,10,158.98,4.016994208,-0.284220955
1974,Nov,642.11,11,182.5,3.518410959,-0.498583249
1974,Dec,596.50,12,183.72,3.246762672,-0.271648287
1975,Jan,659.09,1,176.52,3.73380302,0.487040348
1975,Feb,724.89,2,179.73,4.033242847,0.299439827
1975,Mar,765.06,3,178.04,4.297124242,0.263881395
1975,Apr,790.94,4,169.58,4.664089891,0.366965649
1975,May,836.55,5,167.27,5.001209906,0.337120015
1975,Jun,845.70,6,164.36,5.145412509,0.144202603
1975,Jul,856.29,7,165.17,5.184300473,0.038887964
1975,Aug,815.52,8,162.7,5.012438903,-0.17186157
1975,Sep,818.29,9,143.83,5.689256166,0.676817262
1975,Oct,831.27,10,142.75,5.823284855,0.134028689
1975,Nov,845.52,11,142.28,5.942618706,0.119333851
1975,Dec,840.80,12,139.31,6.035427855,0.09280915
1976,Jan,929.34,1,131.25,7.080707483,1.045279628
1976,Feb,971.72,2,131.14,7.409758956,0.329051473
1976,Mar,988.55,3,132.51,7.460208089,0.050449133
1976,Apr,992.52,4,127.92,7.758904375,0.298696285
1976,May,988.82,5,126.89,7.792733864,0.033829489
1976,Jun,985.60,6,125.62,7.845848229,0.053114365
1976,Jul,993.20,7,117.51,8.452046634,0.606198405
1976,Aug,981.63,8,109.78,8.941767833,0.489721199
1976,Sep,994.38,9,114.38,8.693619431,-0.248148403
1976,Oct,951.96,10,116.16,8.195264332,-0.498355099
1976,Nov,944.58,11,130.64,7.230365891,-0.964898441
1976,Dec,976.87,12,133.95,7.292782246,0.062416355
1977,Jan,970.63,1,132.2,7.342158346,0.0493761
1977,Feb,941.75,2,136.52,6.898275942,-0.443882404
1977,Mar,946.10,3,148.38,6.376196253,-0.522079689
1977,Apr,929.12,4,149.17,6.228564725,-0.147631528
1977,May,926.30,5,146.5,6.322866894,0.094302169
1977,Jun,916.57,6,140.75,6.512062005,0.189195111
1977,Jul,908.21,7,143.43,6.33204534,-0.180016665
1977,Aug,872.27,8,144.98,6.016452044,-0.315593296
1977,Sep,853.37,9,149.75,5.698608792,-0.317843252
1977,Oct,823.96,10,159.03,5.181172765,-0.517436028
1977,Nov,828.52,11,162.05,5.112737103,-0.068435661
1977,Dec,818.80,12,160.33,5.106966881,-0.005770223
1978,Jan,781.08,1,173.35,4.505775544,-0.601191337
1978,Feb,763.58,2,178.31,4.282340926,-0.223434617
1978,Mar,756.37,3,183.68,4.117882879,-0.164458047
1978,Apr,794.66,4,174.7,4.548712078,0.430829199
1978,May,838.56,5,176.64,4.747303195,0.198591117
1978,Jun,840.25,6,183.76,4.572565006,-0.174738189
1978,Jul,831.72,7,189.25,4.394821664,-0.177743341
1978,Aug,887.93,8,206.37,4.302634989,-0.092186676
1978,Sep,878.64,9,212.29,4.138866645,-0.163768344
1978,Oct,857.70,10,227.63,3.767976741,-0.370889904
1978,Nov,804.30,11,205.33,3.917085853,0.149109112
1978,Dec,807.96,12,207.7,3.890033702,-0.02705215
1979,Jan,837.39,1,227.33,3.68357174,-0.206461963
1979,Feb,825.18,2,246.16,3.352205669,-0.331366071
1979,Mar,847.85,3,241.84,3.505849096,0.153643428
1979,Apr,864.97,4,239.36,3.613657253,0.107808156
1979,May,837.41,5,258.27,3.242396083,-0.37126117
1979,Jun,837.89,6,279.24,3.000595773,-0.24180031
1979,Jul,836.96,7,294.86,2.838489937,-0.162105836
1979,Aug,873.55,8,301.55,2.8968734,0.058383463
1979,Sep,878.51,9,357.41,2.457976171,-0.43889723
1979,Oct,840.52,10,390.87,2.150386929,-0.307589241
1979,Nov,815.79,11,393.14,2.075051418,-0.075335512
1979,Dec,836.14,12,455.92,1.833962099,-0.241089319
1980,Jan,860.75,1,677.97,1.269605654,-0.564356444
1980,Feb,878.22,2,664.3,1.322015656,0.052410001
1980,Mar,803.57,3,550.62,1.459393826,0.137378171
1980,Apr,786.35,4,516.92,1.521217246,0.06182342
1980,May,828.20,5,515.61,1.606252788,0.085035541
1980,Jun,869.86,6,603.06,1.442413532,-0.163839256
1980,Jul,909.79,7,643.46,1.413897311,-0.028516221
1980,Aug,947.33,8,627.32,1.510120148,0.096222837
1980,Sep,946.68,9,674.84,1.402815764,-0.107304384
1980,Oct,949.17,10,660.25,1.437591163,0.034775398
1980,Nov,971.09,11,623.33,1.557904944,0.120313781
1980,Dec,945.97,12,593.84,1.592968109,0.035063165
1981,Jan,962.14,1,555.83,1.731002028,0.138033919
1981,Feb,945.51,2,499.06,1.894582868,0.163580841
1981,Mar,987.18,3,499.87,1.974877104,0.080294236
1981,Apr,"1,004.86",4,495.13,2.029481435,0.05460433
1981,May,979.53,5,479.37,2.043358992,0.013877557
1981,Jun,996.27,6,459.35,2.168874991,0.125515999
1981,Jul,947.95,7,408.61,2.319938328,0.151063336
1981,Aug,926.26,8,410.91,2.254172215,-0.065766113
1981,Sep,853.39,9,444.1,1.921607103,-0.332565112
1981,Oct,853.26,10,437.6,1.949860811,0.028253708
1981,Nov,860.43,11,412.71,2.084829541,0.13496873
1981,Dec,878.29,12,410.3,2.140595573,0.055766032
1982,Jan,853.42,1,383.95,2.222724313,0.08212874
1982,Feb,833.16,2,373.67,2.229662255,0.006937942
1982,Mar,812.34,3,329.51,2.465307512,0.235645257
1982,Apr,844.93,4,350.66,2.409537933,-0.055769579
1982,May,846.74,5,333.21,2.541145224,0.131607291
1982,Jun,804.37,6,314.79,2.555267725,0.014122502
1982,Jul,818.41,7,339.9,2.40779501,-0.147472716
1982,Aug,832.11,8,365.51,2.276582409,-0.131212601
1982,Sep,917.27,9,437.24,2.097867141,-0.178715269
1982,Oct,988.73,10,422.73,2.338912714,0.241045573
1982,Nov,"1,027.76",11,415.21,2.475282158,0.136369444
1982,Dec,"1,033.10",12,444.4,2.324697242,-0.150584915
1983,Jan,"1,064.31",1,482.76,2.204634858,-0.120062385
1983,Feb,"1,087.40",2,488.75,2.224859335,0.020224478
1983,Mar,"1,129.58",3,419.94,2.689856315,0.46499698
1983,Apr,"1,168.43",4,432.98,2.698577301,0.008720987
1983,May,"1,212.86",5,437.42,2.772762802,0.0741855
1983,Jun,"1,221.47",6,412.98,2.957693307,0.184930505
1983,Jul,"1,213.94",7,422.6,2.872539044,-0.085154263
1983,Aug,"1,189.22",8,416.34,2.856371569,-0.016167475
1983,Sep,"1,237.04",9,411.18,3.008507455,0.152135886
1983,Oct,"1,252.20",10,393.31,3.183760296,0.175252841
1983,Nov,"1,250.00",11,382.18,3.270710137,0.086949841
1983,Dec,"1,257.65",12,388.03,3.241109242,-0.029600895
1984,Jan,"1,258.89",1,370.8,3.395066009,0.153956767
1984,Feb,"1,164.45",2,386.57,3.012261686,-0.382804323
1984,Mar,"1,161.98",3,394.13,2.948208136,-0.06405355
1984,Apr,"1,152.72",4,380.91,3.026226668,0.078018531
1984,May,"1,143.42",5,377.81,3.026449081,0.000222413
1984,Jun,"1,121.14",6,377.1,2.973052493,-0.053396588
1984,Jul,"1,113.29",7,346.76,3.210536724,0.23748423
1984,Aug,"1,212.82",8,347.8,3.487124034,0.276587311
1984,Sep,"1,213.52",9,341.12,3.557445443,0.070321409
1984,Oct,"1,199.30",10,339.92,3.528183102,-0.029262341
1984,Nov,"1,211.31",11,341.08,3.551394171,0.023211069
1984,Dec,"1,188.96",12,319.56,3.720615847,0.169221676
1985,Jan,"1,238.16",1,302.25,4.096488458,0.375872611
1985,Feb,"1,283.23",2,298.32,4.301509506,0.205021048
1985,Mar,"1,268.84",3,304.47,4.167382196,-0.13412731
1985,Apr,"1,266.38",4,325.06,3.895822896,-0.2715593
1985,May,"1,279.41",5,316.5,4.042366796,0.1465439
1985,Jun,"1,314.00",6,316.39,4.153102184,0.110735388
1985,Jul,"1,343.17",7,317.62,4.228866971,0.075764787
1985,Aug,"1,326.19",8,329.97,4.01911193,-0.209755041
1985,Sep,"1,317.95",9,322.77,4.08323998,0.06412805
1985,Oct,"1,351.58",10,325.87,4.147599536,0.064359556
1985,Nov,"1,432.89",11,325.2,4.406165437,0.2585659
1985,Dec,"1,517.02",12,321.61,4.716952357,0.310786921
1986,Jan,"1,534.85",1,345.85,4.437906607,-0.27904575
1986,Feb,"1,652.74",2,338.6,4.881089315,0.443182708
1986,Mar,"1,757.36",3,345.64,5.084365236,0.20327592
1986,Apr,"1,807.06",4,340.71,5.303804088,0.219438853
1986,May,"1,801.81",5,342.49,5.260911337,-0.042892751
1986,Jun,"1,867.71",6,342.65,5.45077929,0.189867953
1986,Jul,"1,809.92",7,348.68,5.190771429,-0.260007861
1986,Aug,"1,843.45",8,377.36,4.885129269,-0.30564216
1986,Sep,"1,813.48",9,418.05,4.337952284,-0.547176985
1986,Oct,"1,817.06",10,423.13,4.294322127,-0.043630157
1986,Nov,"1,883.65",11,397.69,4.736484779,0.442162651
1986,Dec,"1,924.09",12,390.8,4.923455383,0.186970604
1987,Jan,"2,065.13",1,408.29,5.057994493,0.13453911
1987,Feb,"2,202.34",2,401.02,5.491851043,0.43385655
1987,Mar,"2,292.61",3,409.24,5.602125003,0.11027396
1987,Apr,"2,302.66",4,439.28,5.241889325,-0.360235678
1987,May,"2,291.12",5,459.95,4.981237091,-0.260652234
1987,Jun,"2,384.02",6,449.66,5.301824004,0.320586913
1987,Jul,"2,481.73",7,451.14,5.501013594,0.199189589
1987,Aug,"2,655.02",8,460.66,5.76352149,0.262507896
1987,Sep,"2,570.81",9,460.23,5.585923394,-0.177598095
1987,Oct,"2,224.58",10,465.69,4.776958531,-0.808964864
1987,Nov,"1,931.88",11,468.01,4.127849832,-0.649108698
1987,Dec,"1,910.07",12,486.74,3.924215654,-0.203634179
1988,Jan,"1,947.35",1,475.89,4.092006556,0.167790902
1988,Feb,"1,980.65",2,441.52,4.48598025,0.393973694
1988,Mar,"2,044.32",3,443.63,4.608158581,0.122178331
1988,Apr,"2,036.14",4,451.62,4.508513795,-0.099644786
1988,May,"1,988.91",5,451.14,4.408640967,-0.099872828
1988,Jun,"2,104.95",6,450.88,4.668537083,0.259896116
1988,Jul,"2,104.23",7,437.56,4.80900905,0.140471967
1988,Aug,"2,051.28",8,431.18,4.757369564,-0.051639486
1988,Sep,"2,080.07",9,412.02,5.048460431,0.291090867
1988,Oct,"2,144.33",10,407.14,5.266820586,0.218360155
1988,Nov,"2,099.04",11,420.48,4.992004602,-0.274815983
1988,Dec,"2,148.59",12,418.92,5.128880159,0.136875557
1989,Jan,"2,234.68",1,403.57,5.537270338,0.408390179
1989,Feb,"2,304.31",2,387.55,5.945827024,0.408556686
1989,Mar,"2,283.10",3,390.02,5.853802369,-0.092024655
1989,Apr,"2,348.92",4,384.37,6.111090876,0.257288507
1989,May,"2,439.57",5,370.62,6.582397555,0.471306679
1989,Jun,"2,494.89",6,367.9,6.781437644,0.199040089
1989,Jul,"2,554.04",7,374.91,6.812408311,0.030970668
1989,Aug,"2,691.12",8,365.15,7.369895636,0.557487324
1989,Sep,"2,693.41",9,361.91,7.442209389,0.072313754
1989,Oct,"2,692.01",10,367.03,7.334575078,-0.107634311
1989,Nov,"2,642.50",11,395.19,6.686657051,-0.647918027
1989,Dec,"2,728.47",12,409.25,6.666988393,-0.019668658
1990,Jan,"2,679.24",1,410.49,6.52692237,-0.140066023
1990,Feb,"2,614.19",2,416.58,6.275360012,-0.251562358
1990,Mar,"2,700.13",3,392.21,6.8844033,0.609043288
1990,Apr,"2,708.27",4,374.29,7.235753026,0.351349726
1990,May,"2,793.82",5,369.05,7.570309517,0.334556491
1990,Jun,"2,894.84",6,352.19,8.219535181,0.649225663
1990,Jul,"2,934.23",7,362.85,8.086615878,-0.132919302
1990,Aug,"2,681.89",8,395.47,6.781529078,-1.305086801
1990,Sep,"2,550.69",9,388.82,6.560091397,-0.221437681
1990,Oct,"2,460.54",10,380.39,6.468464288,-0.091627109
1990,Nov,"2,518.58",11,381.73,6.597807226,0.129342938
1990,Dec,"2,610.92",12,377.69,6.912865048,0.315057822
1991,Jan,"2,587.60",1,383.04,6.755442109,-0.157422939
1991,Feb,"2,863.05",2,363.89,7.867892408,1.112450299
1991,Mar,"2,920.12",3,363.23,8.039313933,0.171421525
1991,Apr,"2,925.55",4,358.37,8.163502931,0.124188998
1991,May,"2,928.43",5,356.97,8.20356689,0.040063959
1991,Jun,"2,968.14",6,366.87,8.090440756,-0.113126134
1991,Jul,"2,978.19",7,367.57,8.102365165,0.011924409
1991,Aug,"3,006.09",8,355.88,8.446922865,0.3445577
1991,Sep,"3,010.36",9,348.88,8.628625889,0.181703024
1991,Oct,"3,019.74",10,358.77,8.416922068,-0.21170382
1991,Nov,"2,986.13",11,360.42,8.285125687,-0.131796382
1991,Dec,"2,958.66",12,361.08,8.193910332,-0.091215354
1992,Jan,"3,227.06",1,354.57,9.101331446,0.907421114
1992,Feb,"3,257.27",2,353.73,9.208361417,0.107029971
1992,Mar,"3,247.42",3,344.2,9.434697058,0.22633564
1992,Apr,"3,294.10",4,338.34,9.73605024,0.301353182
1992,May,"3,376.79",5,337.21,10.01389342,0.27784318
1992,Jun,"3,337.79",6,340.96,9.789391451,-0.224501969
1992,Jul,"3,329.41",7,353.29,9.424011693,-0.365379758
1992,Aug,"3,307.46",8,342.67,9.652018393,0.228006701
1992,Sep,"3,293.93",9,345.71,9.528010678,-0.124007716
1992,Oct,"3,198.70",10,344.17,9.293953569,-0.234057108
1992,Nov,"3,238.49",11,334.92,9.669443449,0.37548988
1992,Dec,"3,303.15",12,334.81,9.865758327,0.196314878
1993,Jan,"3,277.73",1,329.05,9.961191308,0.095432981
1993,Feb,"3,367.26",2,329.31,10.22519175,0.26400044
1993,Mar,"3,440.73",3,330.25,10.41857618,0.193384429
1993,Apr,"3,423.62",4,341.89,10.01381675,-0.404759425
1993,May,"3,478.18",5,367.74,9.458244956,-0.555571797
1993,Jun,"3,513.81",6,371.93,9.44751334,-0.010731616
1993,Jul,"3,529.44",7,392.79,8.985559956,-0.461953383
1993,Aug,"3,597.03",8,377.97,9.516712486,0.531152529
1993,Sep,"3,592.29",9,354.93,10.12112382,0.604411331
1993,Oct,"3,625.81",10,364.4,9.95008102,-0.171042796
1993,Nov,"3,674.71",11,374.05,9.82411315,-0.12596787
1993,Dec,"3,744.10",12,383.63,9.759676108,-0.064437042
1994,Jan,"3,868.37",1,386.56,10.00715715,0.247481038
1994,Feb,"3,905.62",2,381.9,10.22681606,0.219658911
1994,Mar,"3,816.99",3,384.08,9.938011103,-0.288804955
1994,Apr,"3,661.49",4,377.29,9.70470851,-0.233302593
1994,May,"3,708.00",5,381.54,9.718496719,0.013788209
1994,Jun,"3,737.58",6,385.6,9.692898906,-0.025597813
1994,Jul,"3,718.31",7,385.47,9.646159234,-0.046739672
1994,Aug,"3,797.48",8,380.4,9.982867005,0.336707771
1994,Sep,"3,880.60",9,391.74,9.906060142,-0.076806863
1994,Oct,"3,868.10",10,389.57,9.929152655,0.023092514
1994,Nov,"3,792.44",11,384.29,9.868700349,-0.060452306
1994,Dec,"3,770.30",12,379.26,9.941213842,0.072513493
1995,Jan,"3,872.46",1,378.44,10.23269714,0.291483295
1995,Feb,"3,953.73",2,376.63,10.49764043,0.264943294
1995,Mar,"4,062.78",3,382.48,10.62220929,0.124568857
1995,Apr,"4,230.67",4,390.89,10.82316872,0.200959432
1995,May,"4,391.58",5,385.04,11.40550923,0.582340507
1995,Jun,"4,510.77",6,387.58,11.63830107,0.232791839
1995,Jul,"4,684.78",7,386.19,12.1307517,0.492450636
1995,Aug,"4,639.27",8,383.78,12.08836811,-0.042383593
1995,Sep,"4,746.76",9,383.1,12.3903811,0.302012992
1995,Oct,"4,760.48",10,383.25,12.42133665,0.030955553
1995,Nov,"4,935.82",11,385.19,12.81399779,0.392661138
1995,Dec,"5,136.11",12,387.35,13.25959726,0.445599471
1996,Jan,"5,179.38",1,400.49,12.93260075,-0.326996518
1996,Feb,"5,518.74",2,404.53,13.64235038,0.709749636
1996,Mar,"5,612.25",3,396.15,14.16698821,0.524637832
1996,Apr,"5,579.86",4,392.79,14.20571273,0.03872452
1996,May,"5,616.71",5,391.96,14.32980174,0.124089008
1996,Jun,"5,671.52",6,385.04,14.72967744,0.399875694
1996,Jul,"5,496.27",7,383.58,14.32887059,-0.400806844
1996,Aug,"5,685.51",8,387.46,14.67379624,0.344925647
1996,Sep,"5,804.01",9,382.9,15.15803082,0.484234578
1996,Oct,"5,996.22",10,381.04,15.73645127,0.578420451
1996,Nov,"6,318.36",11,377.69,16.72894437,0.992493104
1996,Dec,"6,435.87",12,368.95,17.44374964,0.714805265
1997,Jan,"6,707.05",1,353.87,18.95341638,1.509666743
1997,Feb,"6,917.46",2,347.03,19.93331382,0.979897439
1997,Mar,"6,901.14",3,351.49,19.63394407,-0.299369753
1997,Apr,"6,657.51",4,344.23,19.34029309,-0.293650975
1997,May,"7,242.33",5,344.09,21.04777405,1.707480954
1997,Jun,"7,599.61",6,340.51,22.31832923,1.270555183
1997,Jul,"7,990.65",7,323.9,24.67012827,2.351799037
1997,Aug,"7,948.42",8,324.02,24.53065801,-0.139470253
1997,Sep,"7,866.59",9,323.11,24.34646317,-0.184194845
1997,Oct,"7,875.82",10,324.36,24.28111277,-0.065350395
1997,Nov,"7,677.35",11,305.55,25.12633818,0.845225409
1997,Dec,"7,909.82",12,288.59,27.40851286,2.282174681
1998,Jan,"7,808.36",1,289.15,27.00451323,-0.403999635
1998,Feb,"8,323.62",2,297.49,27.97948096,0.974967727
1998,Mar,"8,709.48",3,295.94,29.42987522,1.450394265
1998,Apr,"9,037.43",4,308.29,29.3147145,-0.11516072
1998,May,"9,080.09",5,299.1,30.35802407,1.043309572
1998,Jun,"8,872.96",6,292.32,30.35359755,-0.00442652
1998,Jul,"9,097.15",7,292.87,31.06207532,0.708477772
1998,Aug,"8,478.54",8,284.11,29.84244868,-1.219626641
1998,Sep,"7,909.80",9,288.98,27.37144439,-2.471004292
1998,Oct,"8,164.47",10,295.93,27.58920261,0.217758216
1998,Nov,"9,005.78",11,294.17,30.61418567,3.024983069
1998,Dec,"9,018.68",12,291.68,30.91978133,0.305595655
1999,Jan,"9,345.86",1,287.07,32.55604263,1.636261301
1999,Feb,"9,322.94",2,287.33,32.44681065,-0.109231976
1999,Mar,"9,753.64",3,285.96,34.10840373,1.661593075
1999,Apr,"10,443.50",4,282.62,36.95244498,2.84404125
1999,May,"10,853.88",5,276.44,39.2630408,2.310595825
1999,Jun,"10,704.03",6,261.31,40.96294544,1.699904635
1999,Jul,"11,052.22",7,256.08,43.15924339,2.196297952
1999,Aug,"10,935.48",8,256.69,42.60190042,-0.557342974
1999,Sep,"10,714.03",9,264.74,40.4700209,-2.131879517
1999,Oct,"10,396.89",10,310.72,33.46064134,-7.009379564
1999,Nov,"10,809.79",11,293.18,36.87083183,3.410190494
1999,Dec,"11,246.37",12,283.07,39.72998969,2.85915786
2000,Jan,"11,281.27",1,284.32,39.678074,-0.05191569
2000,Feb,"10,541.92",2,299.86,35.15614287,-4.521931134
2000,Mar,"10,483.38",3,286.39,36.6052449,1.449102033
2000,Apr,"10,944.31",4,279.69,39.13012715,2.524882252
2000,May,"10,580.26",5,275.19,38.44712248,-0.683004668
2000,Jun,"10,582.98",6,285.73,37.03839925,-1.408723232
2000,Jul,"10,662.98",7,281.59,37.86704073,0.828641481
2000,Aug,"11,014.50",8,274.47,40.13005302,2.263012286
2000,Sep,"10,967.88",9,273.68,40.07554443,-0.054508588
2000,Oct,"10,440.96",10,270,38.67022222,-1.405322209
2000,Nov,"10,666.07",11,266.01,40.0965055,1.42628328
2000,Dec,"10,652.42",12,271.45,39.24264137,-0.853864132
2001,Jan,"10,682.74",1,265.49,40.23783516,0.995193792
2001,Feb,"10,774.57",2,261.87,41.14472227,0.906887109
2001,Mar,"10,081.31",3,263.03,38.32761213,-2.817110142
2001,Apr,"10,234.50",4,260.48,39.29093404,0.963321916
2001,May,"11,004.95",5,272.36,40.40587992,1.114945873
2001,Jun,"10,767.19",6,269.82,39.90506899,-0.50081093
2001,Jul,"10,444.50",7,267.53,39.04048144,-0.864587546
2001,Aug,"10,314.68",8,272.39,37.86733695,-1.173144487
2001,Sep,"9,042.56",9,283.42,31.90516783,-5.962169124
2001,Oct,"9,220.75",10,283.06,32.57525214,0.670084305
2001,Nov,"9,721.82",11,276.16,35.20357591,2.628323776
2001,Dec,"9,979.87",12,275.85,36.17862425,0.97504834
2002,Jan,"9,923.80",1,281.51,35.25202014,-0.926604109
2002,Feb,"9,891.05",2,295.5,33.47224508,-1.779775063
2002,Mar,"10,500.95",3,294.06,35.7102122,2.237967122
2002,Apr,"10,165.18",4,302.68,33.58392452,-2.126287685
2002,May,"10,080.49",5,314.58,32.04426537,-1.539659147
2002,Jun,"9,492.44",6,321.18,29.55487888,-2.489386486
2002,Jul,"8,616.52",7,313.29,27.50334427,-2.051534611
2002,Aug,"8,685.47",8,310.25,27.99508168,0.491737406
2002,Sep,"8,160.78",9,319.14,25.57114746,-2.42393422
2002,Oct,"8,048.12",10,316.56,25.42368505,-0.14746241
2002,Nov,"8,625.72",11,319.07,27.0339565,1.61027145
2002,Dec,"8,526.69",12,331.92,25.6889985,-1.344958002
2003,Jan,"8,474.59",1,356.86,23.74764814,-1.941350359
2003,Feb,"7,916.18",2,358.97,22.05249376,-1.69515438
2003,Mar,"7,977.72",3,340.55,23.42598178,1.373488022
2003,Apr,"8,332.09",4,328.18,25.38876894,1.962787159
2003,May,"8,623.41",5,355.68,24.24486831,-1.143900625
2003,Jun,"9,098.07",6,356.35,25.53128345,1.286415135
2003,Jul,"9,154.39",7,350.99,26.08163921,0.550355758
2003,Aug,"9,284.78",8,359.77,25.80753974,-0.27409947
2003,Sep,"9,492.54",9,378.95,25.04957684,-0.757962899
2003,Oct,"9,682.46",10,378.92,25.55277815,0.503201309
2003,Nov,"9,762.20",11,389.91,25.03706118,-0.515716963
2003,Dec,"10,124.67",12,406.11,24.93084722,-0.106213966
2004,Jan,"10,540.05",1,413.79,25.47197854,0.541131322
2004,Feb,"10,601.48",2,404.95,26.17973629,0.70775775
2004,Mar,"10,323.73",3,406.67,25.3860143,-0.793721991
2004,Apr,"10,418.41",4,403.26,25.83547658,0.449462282
2004,May,"10,083.81",5,383.78,26.27498306,0.439506483
2004,Jun,"10,364.90",6,392.48,26.4087342,0.13375114
2004,Jul,"10,152.09",7,398.09,25.50199105,-0.906743148
2004,Aug,"10,032.79",8,400.51,25.05004188,-0.451949176
2004,Sep,"10,204.68",9,405.28,25.17933986,0.129297978
2004,Oct,"10,001.60",10,420.46,23.78728513,-1.392054729
2004,Nov,"10,411.75",11,439.38,23.69645323,-0.0908319
2004,Dec,"10,673.38",12,442.08,24.14354251,0.447089282
2005,Jan,"10,539.52",1,424.03,24.85558805,0.712045538
2005,Feb,"10,723.81",2,423.35,25.33083861,0.475250564
2005,Mar,"10,682.10",3,434.32,24.59498861,-0.735849998
2005,Apr,"10,283.19",4,429.23,23.95728564,-0.637702976
2005,May,"10,377.18",5,421.87,24.59805379,0.640768152
2005,Jun,"10,486.69",6,430.66,24.35027843,-0.247775359
2005,Jul,"10,545.38",7,424.48,24.84305503,0.492776601
2005,Aug,"10,554.27",8,437.93,24.10035751,-0.74269752
2005,Sep,"10,532.53",9,456.05,23.09512846,-1.005229054
2005,Oct,"10,324.32",10,469.9,21.97132115,-1.123807306
2005,Nov,"10,695.25",11,476.67,22.43742551,0.46610436
2005,Dec,"10,827.79",12,510.1,21.2267996,-1.210625912
2006,Jan,"10,872.49",1,549.86,19.77319681,-1.453602787
2006,Feb,"10,971.18",2,555,19.76789,-0.005306818
2006,Mar,"11,144.44",3,557.09,20.00474515,0.236855159
2006,Apr,"11,234.67",4,610.65,18.39788491,-1.606860244
2006,May,"11,333.87",5,675.39,16.78122674,-1.616658172
2006,Jun,"10,997.95",6,596.15,18.44830084,1.6670741
2006,Jul,"11,032.52",7,633.71,17.4094144,-1.038886439
2006,Aug,"11,257.35",8,632.33,17.80296337,0.393548966
2006,Sep,"11,533.60",9,598.06,19.28502157,1.482058202
2006,Oct,"11,963.11",10,585.78,20.42252909,1.137507521
2006,Nov,"12,185.14",11,627.83,19.40834757,-1.014181517
2006,Dec,"12,377.62",12,629.42,19.66511233,0.256764752
2007,Jan,"12,512.90",1,631.17,19.82492039,0.15980806
2007,Feb,"12,631.46",2,664.75,19.00182498,-0.823095402
2007,Mar,"12,268.54",3,654.9,18.73344994,-0.268375047
2007,Apr,"12,754.79",4,679.37,18.77443808,0.040988146
2007,May,"13,407.75",5,666.92,20.1039923,1.329554219
2007,Jun,"13,480.20",6,655.49,20.56508072,0.46108842
2007,Jul,"13,677.90",7,665.3,20.55898878,-0.006091937
2007,Aug,"13,239.71",8,665.41,19.89706902,-0.661919766
2007,Sep,"13,557.68",9,712.65,19.0243236,-0.872745423
2007,Oct,"13,901.27",10,754.6,18.42203183,-0.602291768
2007,Nov,"13,200.56",11,806.25,16.37278996,-2.049241869
2007,Dec,"13,407.00",12,803.2,16.69197585,0.319185887
2008,Jan,"12,538.13",1,889.6,14.0941247,-2.597851146
2008,Feb,"12,419.56",2,922.3,13.4658571,-0.628267604
2008,Mar,"12,193.88",3,968.43,12.59139019,-0.874466908
2008,Apr,"12,656.63",4,909.7,13.91296831,1.321578123
2008,May,"12,812.48",5,890.51,14.38779597,0.47482766
2008,Jun,"12,056.66",6,930,12.96415259,-1.423643386
2008,Jul,"11,322.37",7,920,12.30692194,-0.657230649
2008,Aug,"11,530.74",8,835,13.80926718,1.502345243
2008,Sep,"11,114.09",9,888.5,12.50881904,-1.300448143
2008,Oct,"9,176.71",10,730.75,12.55793958,0.049120543
2008,Nov,"8,614.55",11,814.5,10.57649381,-1.981445767
2008,Dec,"8,595.56",12,869.75,9.882790771,-0.693703042
2009,Jan,"8,396.20",1,919.5,9.131268624,-0.751522146
2009,Feb,"7,690.49",2,952,8.07824801,-1.053020615
2009,Mar,"7,235.48",3,897.75,8.059568112,-0.018679898
2009,Apr,"7,992.12",4,883.25,9.048538272,0.98897016
2009,May,"8,398.37",5,975.5,8.609296258,-0.439242013
2009,Jun,"8,593.00",6,934.5,9.195288195,0.585991937
2009,Jul,"8,679.75",7,939,9.243605867,0.048317672
2009,Aug,"9,375.06",8,955.5,9.811681742,0.568075875
2009,Sep,"9,634.97",9,1015.75,9.485573175,-0.326108567
2009,Oct,"9,857.34",10,1040,9.478215909,-0.007357266
2009,Nov,"10,227.56",11,1175.75,8.698753562,-0.779462348
2009,Dec,"10,433.44",12,1087.5,9.593964472,0.895210911
2010,Jan,"10,471.25",1,1078.5,9.709089135,0.115124662
2010,Feb,"10,214.49",2,1108.25,9.216777993,-0.492311142
2010,Mar,"10,677.53",3,1115.5,9.57196422,0.355186227
2010,Apr,"11,052.15",4,1179.25,9.372183692,-0.199780527
2010,May,"10,500.20",5,1207.5,8.695815735,-0.676367957
2010,Jun,"10,159.26",6,1234.5,8.229456534,-0.466359201
2010,Jul,"10,222.24",7,1169,8.74443073,0.514974197
2010,Aug,"10,350.40",8,1235,8.380889216,-0.363541514
2010,Sep,"10,598.07",9,1294,8.190159343,-0.190729873
2010,Oct,"11,044.49",10,1346.75,8.200842946,0.010683603
2010,Nov,"11,198.31",11,1383.5,8.094190717,-0.106652229
2010,Dec,"11,465.26",12,1405.5,8.157422464,0.063231747
2011,Jan,"11,802.37",1,1327,8.894024491,0.736602028
2011,Feb,"12,190.00",2,1411,8.639263307,-0.254761184
2011,Mar,"12,081.48",3,1439,8.395744629,-0.243518678
2011,Apr,"12,434.88",4,1535.5,8.098258873,-0.297485756
2011,May,"12,579.99",5,1533,8.206127108,0.107868235
2011,Jun,"12,097.31",6,1504.25,8.042087117,-0.164039992
2011,Jul,"12,512.33",7,1613.5,7.754772544,-0.287314573
2011,Aug,"11,326.62",8,1825,6.206365932,-1.548406612
2011,Sep,"11,175.45",9,1620,6.898428277,0.692062345
2011,Oct,"11,515.93",10,1722,6.687532493,-0.210895785
2011,Nov,"11,804.33",11,1746,6.760786287,0.073253794
2011,Dec,"12,075.68",12,1531,7.88744798,1.126661693
2012,Jan,"12,550.89",1,1744,7.196612385,-0.690835595
2012,Feb,"12,889.05",2,1770,7.28194887,0.085336485
2012,Mar,"13,079.47",3,1662.5,7.867347368,0.585398498
2012,Apr,"13,030.75",4,1651.25,7.891448297,0.024100928
2012,May,"12,721.08",5,1558,8.165009336,0.273561039
2012,Jun,"12,544.90",6,1598.5,7.847922904,-0.317086432
2012,Jul,"12,814.10",7,1622,7.900186131,0.052263227
2012,Aug,"13,134.90",8,1648.5,7.967790481,0.06760435
2012,Sep,"13,418.50",9,1776,7.555460823,-0.412329659
2012,Oct,"13,380.65",10,1719,7.78397047,0.228509647
2012,Nov,"12,896.44",11,1726,7.471866965,-0.312103505
2012,Dec,"13,144.18",12,1657.5,7.930125189,0.458258224
2013,Jan,"13,615.32",1,1664.75,8.178599103,0.248473915
2013,Feb,"13,967.33",2,1588.5,8.792779352,0.614180248
2013,Mar,"14,418.26",3,1598.25,9.021278273,0.228498922
2013,Apr,"14,675.91",4,1469,9.990407822,0.969129549
2013,May,"15,172.18",5,1394.5,10.88001467,0.889606846
2013,Jun,"15,035.75",6,1192,12.613888,1.733873335
2013,Jul,"15,390.21",7,1314.5,11.70803451,-0.905853493
2013,Aug,"15,195.35",8,1394.75,10.89467484,-0.813359674
2013,Sep,"15,269.84",9,1326.5,11.51137655,0.616701719
2013,Oct,"15,289.29",10,1324,11.5478031,0.036426545
2013,Nov,"15,870.83",11,1253,12.66626337,1.118460268
2013,Dec,"16,095.77",12,1204.5,13.36303426,0.696770889
2014,Jan,"16,243.72",1,1251,12.98459023,-0.378444024
2014,Feb,"15,958.44",2,1326.5,12.03048862,-0.95410161
2014,Mar,"16,308.63",3,1291.75,12.62521976,0.594731133
2014,Apr,"16,401.59",4,1288.5,12.72921485,0.103995094
2014,May,"16,566.30",5,1250.5,13.24774052,0.518525674
2014,Jun,"16,840.81",6,1315,12.80670107,-0.441039455
2014,Jul,"16,987.14",7,1285.25,13.21699139,0.41029032
2014,Aug,"16,776.02",8,1285.75,13.04765423,-0.169337156
2014,Sep,"17,097.52",9,1216.5,14.05468499,1.007030754
2014,Oct,"16,701.87",10,1164.25,14.34560484,0.290919854
2014,Nov,"17,648.98",11,1182.75,14.92198467,0.57637983
2014,Dec,"17,754.24",12,1206,14.72159242,-0.200392253
2015,Jan,"17,542.26",1,1260.25,13.91966277,-0.801929651
2015,Feb,"17,945.41",2,1214,14.7820528,0.86239004
2015,Mar,"17,931.75",3,1187,15.10677759,0.324724786
2015,Apr,"17,970.51",4,1180.25,15.22602274,0.119245145
2015,May,"18,124.71",5,1191.4,15.21295367,-0.013069067
2015,Jun,"17,927.22",6,1171,15.30932459,0.096370919
2015,Jul,"17,795.02",7,1098.4,16.20085289,0.891528307
2015,Aug,"17,061.59",8,1135,15.03224082,-1.168612071
2015,Sep,"16,339.95",9,1114,14.66781867,-0.364422151
2015,Oct,"17,182.28",10,1142.35,15.04117151,0.373352837
2015,Nov,"17,723.77",11,1061.9,16.69061917,1.649447665
2015,Dec,"17,542.86",12,1069.25,16.40669161,-0.283927567
2016,Jan,"16,305.25",1,1114.7,14.62748013,-1.779211472
2016,Feb,"16,299.90",2,1122,14.52753877,-0.099941364
2016,Mar,"17,302.14",3,1240,13.95334091,-0.574197861
2016,Apr,"17,844.37",4,1230.85,14.49759574,0.544254829
2016,May,"17,692.32",5,1217.5,14.53167967,0.034083933
2016,Jun,"17,754.87",6,1320.6,13.44454621,-1.08713346
2016,Jul,"18,341.18",7,1357.5,13.511,0.066453788
2016,Aug,"18,495.19",8,1311.4,14.10339133,0.592391331
2016,Sep,"18,267.40",9,1317.1,13.86941224,-0.233979094
2016,Oct,"18,184.55",10,1273.1,14.28367502,0.414262782
2016,Nov,"18,697.33",11,1173.9,15.92752932,1.643854299
2016,Dec,"19,712.42",12,1151.7,17.11593628,1.188406958
2017,Jan,"19,908.15",1,1211.4,16.43400404,-0.681932231
2017,Feb,"20,424.15",2,1253.9,16.28849694,-0.145507103
2017,Mar,"20,823.06",3,1251.2,16.64246949,0.353972548
2017,Apr,"20,684.69",4,1268.3,16.30899131,-0.333478176
2017,May,"20,936.81",5,1275.4,16.41587844,0.106887126
2017,Jun,"21,317.80",6,1242.3,17.1599416,0.744063163
2017,Jul,"21,581.25",7,1273.4,16.94773912,-0.21220248
2017,Aug,"21,914.08",8,1322.2,16.5739502,-0.373788922
2017,Sep,"22,173.41",9,1284.8,17.25826121,0.684311006
2017,Oct,"23,036.24",10,1270.5,18.13163107,0.873369861
2017,Nov,"23,557.93",11,1282.15,18.37377025,0.24213918
2017,Dec,"24,545.38",12,1296.5,18.93203548,0.558265232
2018,Jan,"25,804.02",1,1343.35,19.2087078,0.276672317
2018,Feb,"24,981.55",2,1320.3,18.92111283,-0.287594972
2018,Mar,"24,582.17",3,1323.9,18.56799643,-0.353116393
2018,Apr,"24,304.21",4,1316.25,18.46473911,-0.103257319
2018,May,"24,572.53",5,1303.5,18.85119469,0.386455573
2018,Jun,"24,790.11",6,1250.55,19.8233642,0.97216951
2018,Jul,"24,978.23",7,1219.2,20.48739454,0.664030348
2018,Aug,"25,629.99",8,1206.85,21.23709513,0.749700588
2018,Sep,"26,232.67",9,1183.5,22.16532986,0.928234732
2018,Oct,"25,609.34",10,1217.7,21.03091216,-1.134417703
2018,Nov,"25,258.68",11,1220.45,20.69619832,-0.334713843
2018,Dec,"23,805.55",12,1281.65,18.57413901,-2.122059308
2019,Jan,"24,157.80",1,1322.5,18.26676389,-0.307375126
2019,Feb,"25,605.53",2,1325.45,19.31836496,1.051601079
2019,Mar,"25,722.62",3,1291.15,19.92225609,0.603891127
2019,Apr,"26,401.58",4,1285.15,20.54357635,0.621320256
2019,May,"25,744.79",5,1296,19.86480605,-0.678770301
2019,Jun,"26,160.10",6,1413.2,18.51125177,-1.353554278
2019,Jul,"27,089.19",7,1430.55,18.93620413,0.424952361
2019,Aug,"26,058.23",8,1526.55,17.07001081,-1.866193321
2019,Sep,"26,900.21",9,1487.6,18.08296182,1.012951009
2019,Oct,"26,736.80",10,1506.4,17.7488025,-0.334159317
2019,Nov,"27,797.05",11,1456.35,19.08678958,1.337987076
2019,Dec,"28,167.01",12,1523,18.49442266,-0.592366915
2020,Jan,"28,879.99",1,1580.85,18.26864933,-0.225773337
2020,Feb,"28,519.73",2,1626.35,17.53603565,-0.732613675
2020,Mar,"22,637.42",3,1604.65,14.10738847,-3.428647179
2020,Apr,"23,293.90",4,1716.75,13.56860347,-0.538785005
2020,May,"24,146.48",5,1732.45,13.93776572,0.369162254
