year,month,dow_average,month_int,gold_price,DOW_div_gold,dow_div_gold_monthly_change,monthyly_cpi
1915,Jan,57.25,1,488.66,0.117164286,0,10.10
1915,Feb,56.07,2,493.55,0.113610014,-0.003554272,10.00
1915,Mar,57.58,3,498.54,0.115499868,0.001889855,9.90
1915,Apr,66.79,4,493.55,0.135322807,0.019822939,10.00
1915,May,64.85,5,488.66,0.13270372,-0.002619087,10.10
1915,Jun,69.65,6,488.66,0.142535431,0.00983171,10.10
1915,Jul,71.79,7,488.66,0.14690904,0.004373609,10.10
1915,Aug,79.16,8,488.66,0.161991234,0.015082194,10.10
1915,Sep,84.00,9,488.66,0.171900611,0.009909377,10.10
1915,Oct,93.04,10,483.87,0.192279951,0.020379341,10.20
1915,Nov,95.18,11,479.17,0.198630966,0.006351015,10.30
1915,Dec,97.56,12,479.17,0.203609321,0.004978355,10.30
1916,Jan,95.18,1,479.99,0.198298774,-0.005310547,10.40
1916,Feb,94.13,2,479.99,0.196102002,-0.002196772,10.40
1916,Mar,93.52,3,475.42,0.196703876,0.000601873,10.50
1916,Apr,91.23,4,470.94,0.193713357,-0.002990518,10.60
1916,May,90.91,5,466.54,0.194855162,0.001141805,10.70
1916,Jun,91.00,6,462.22,0.19688578,0.002030618,10.80
1916,Jul,88.47,7,462.22,0.191403444,-0.005482336,10.80
1916,Aug,91.11,8,457.97,0.198943162,0.007539718,10.90
1916,Sep,98.12,9,449.72,0.21818576,0.019242598,11.10
1916,Oct,103.02,10,441.75,0.233209906,0.015024146,11.30
1916,Nov,107.62,11,434.08,0.247926649,0.014716743,11.50
1916,Dec,99.97,12,430.35,0.232295806,-0.015630844,11.60
1917,Jan,96.64,1,430.83,0.224310158,-0.007985648,11.70
1917,Feb,91.89,2,420.06,0.218762399,-0.005547759,12.00
1917,Mar,95.81,3,420.06,0.228096203,0.009333804,12.00
1917,Apr,92.95,4,400.04,0.232341766,0.004245563,12.60
1917,May,92.81,5,393.79,0.235672451,0.003330685,12.80
1917,Jun,96.88,6,387.73,0.249851701,0.01417925,13.00
1917,Jul,92.50,7,393.79,0.234893145,-0.014958556,12.80
1917,Aug,90.30,8,387.73,0.232899631,-0.001993514,13.00
1917,Sep,83.66,9,378.99,0.220747388,-0.012152243,13.30
1917,Oct,78.56,10,373.38,0.210407141,-0.010340247,13.50
1917,Nov,71.56,11,373.38,0.191645241,-0.0187619,13.50
1917,Dec,69.44,12,367.94,0.188722346,-0.002922895,13.70
1918,Jan,75.66,1,363.35,0.208242086,0.01951974,14.00
1918,Feb,79.83,2,360.77,0.221269784,0.013027698,14.10
1918,Mar,78.43,3,363.35,0.215863493,-0.005406292,14.00
1918,Apr,77.48,4,358.23,0.216283089,0.000419596,14.20
1918,May,80.88,5,350.81,0.230552151,0.014269062,14.50
1918,Jun,80.67,6,346.03,0.233127186,0.002575035,14.70
1918,Jul,81.66,7,336.86,0.242419295,0.009292109,15.10
1918,Aug,81.81,8,330.32,0.247660671,0.005241376,15.40
1918,Sep,82.41,9,324.01,0.254337504,0.006676834,15.70
1918,Oct,85.92,10,317.92,0.270248463,0.015910959,16.00
1918,Nov,84.47,11,312.06,0.270669102,0.000420639,16.30
1918,Dec,82.39,12,308.29,0.267249915,-0.003419187,16.50
1919,Jan,81.61,1,311.25,0.262196422,-0.005053493,16.50
1919,Feb,82.28,2,316.99,0.259579831,-0.002616591,16.20
1919,Mar,87.41,3,313.13,0.279154025,0.019574195,16.40
1919,Apr,91.08,4,307.52,0.296171213,0.017017188,16.70
1919,May,99.42,5,303.88,0.327155456,0.030984243,16.90
1919,Jun,105.27,6,303.88,0.346416505,0.019261049,16.90
1919,Jul,109.87,7,295.14,0.37225785,0.025841345,17.40
1919,Aug,102.56,8,290.13,0.353493426,-0.018764424,17.70
1919,Sep,107.74,9,288.51,0.373422065,0.019928639,17.80
1919,Oct,114.18,10,283.72,0.402434218,0.029012153,18.10
1919,Nov,110.71,11,277.6,0.398811239,-0.003622979,18.50
1919,Dec,105.55,12,271.73,0.388443743,-0.010367497,18.90
1920,Jan,104.54,1,274.05,0.381473662,-0.00697008,19.30
1920,Feb,94.36,2,271.24,0.347877648,-0.033596014,19.50
1920,Mar,99.50,3,268.5,0.370582139,0.022704491,19.70
1920,Apr,100.68,4,260.56,0.386394871,0.015812732,20.30
1920,May,91.32,5,256.76,0.355668718,-0.030726153,20.60
1920,Jun,91.26,6,253.07,0.360604504,0.004935786,20.90
1920,Jul,90.63,7,254.29,0.356411596,-0.004192908,20.80
1920,Aug,85.35,8,260.56,0.327568942,-0.028842654,20.30
1920,Sep,86.95,9,264.46,0.328801187,0.001232245,20.00
1920,Oct,84.94,10,265.8,0.319578631,-0.009222556,19.90
1920,Nov,78.64,11,267.14,0.294358763,-0.025219867,19.80
1920,Dec,71.75,12,272.65,0.263154705,-0.031204058,19.40
1921,Jan,75.05,1,279.19,0.268825292,0.005670587,19.00
1921,Feb,75.54,2,288.29,0.262035122,-0.00679017,18.40
1921,Mar,75.35,3,289.87,0.259959794,-0.002075328,18.30
1921,Apr,76.68,4,293.07,0.26165535,0.001695556,18.10
1921,May,77.20,5,299.69,0.257615409,-0.004039941,17.70
1921,Jun,69.00,6,301.41,0.228934613,-0.028680796,17.60
1921,Jul,68.53,7,299.69,0.228662952,-0.000271662,17.70
1921,Aug,66.79,8,299.69,0.22285202,-0.005810932,17.70
1921,Sep,70.13,9,303.13,0.231337176,0.008485156,17.50
1921,Oct,71.23,10,303.13,0.234965196,0.003628021,17.50
1921,Nov,75.92,11,304.87,0.249027627,0.014062431,17.40
1921,Dec,79.90,12,306.63,0.260569975,0.011542348,17.30
1922,Jan,80.84,1,316.16,0.255699345,-0.00487063,16.90
1922,Feb,83.94,2,316.16,0.265501996,0.009802652,16.90
1922,Mar,87.34,3,319.96,0.272968904,0.007466908,16.70
1922,Apr,91.67,4,319.96,0.286493048,0.013524145,16.70
1922,May,93.68,5,319.96,0.292785178,0.006292129,16.70
1922,Jun,93.36,6,319.96,0.291785053,-0.001000125,16.70
1922,Jul,95.18,7,318.04,0.299284681,0.007499628,16.80
1922,Aug,98.27,8,321.87,0.305305545,0.006020863,16.60
1922,Sep,99.82,9,321.87,0.310118992,0.004813448,16.60
1922,Oct,100.28,10,319.96,0.313415665,0.003296673,16.70
1922,Nov,95.84,11,318.04,0.301344171,-0.012071495,16.80
1922,Dec,97.60,12,316.16,0.308698128,0.007353957,16.90
1923,Jan,97.92,1,316.67,0.309209185,0.000511058,16.80
1923,Feb,101.81,2,316.67,0.32151416,0.012304974,16.80
1923,Mar,104.40,3,316.67,0.329689763,0.008175603,16.80
1923,Apr,101.54,4,314.8,0.322550977,-0.007138785,16.90
1923,May,96.22,5,314.8,0.305647164,-0.016903813,16.90
1923,Jun,93.72,6,312.95,0.299483411,-0.006163754,17.00
1923,Jul,89.26,7,309.3,0.288584053,-0.010899357,17.20
1923,Aug,90.91,8,311.13,0.292179199,0.003595146,17.10
1923,Sep,90.27,9,309.3,0.291844062,-0.000335137,17.20
1923,Oct,87.72,10,307.52,0.285246784,-0.006597278,17.30
1923,Nov,91.03,11,307.52,0.295997008,0.010750225,17.30
1923,Dec,94.09,12,307.52,0.305968717,0.009971709,17.30
1924,Jan,97.33,1,307.96,0.316053443,0.010084725,17.30
1924,Feb,98.70,2,309.75,0.318645767,0.002592324,17.20
1924,Mar,96.32,3,311.58,0.309126449,-0.009519318,17.10
1924,Apr,91.59,4,313.4,0.292234175,-0.016892274,17.00
1924,May,90.44,5,313.4,0.288579937,-0.003654238,17.00
1924,Jun,92.54,6,313.4,0.295265445,0.006685508,17.00
1924,Jul,98.33,7,311.58,0.315577788,0.020312343,17.10
1924,Aug,103.27,8,313.4,0.329499802,0.013922014,17.00
1924,Sep,102.90,9,311.58,0.330247678,0.000747875,17.10
1924,Oct,102.04,10,309.75,0.329440164,-0.000807513,17.20
1924,Nov,108.27,11,309.75,0.349536364,0.0200962,17.20
1924,Dec,114.09,12,307.96,0.370468715,0.02093235,17.30
1925,Jan,122.10,1,307.52,0.39703341,0.026564695,17.30
1925,Feb,120.95,2,309.3,0.391037109,-0.005996301,17.20
1925,Mar,120.78,3,307.52,0.392751987,0.001714878,17.30
1925,Apr,119.80,4,309.3,0.387336998,-0.005414989,17.20
1925,May,126.26,5,307.52,0.410574922,0.023237924,17.30
1925,Jun,128.76,6,304.01,0.423526738,0.012951816,17.50
1925,Jul,133.52,7,300.56,0.444227297,0.020700559,17.70
1925,Aug,139.70,8,300.56,0.464810132,0.020582835,17.70
1925,Sep,143.83,9,300.56,0.478527384,0.013717252,17.70
1925,Oct,149.79,10,300.56,0.498374463,0.019847079,17.70
1925,Nov,153.83,11,295.56,0.520455371,0.022080908,18.00
1925,Dec,154.25,12,297.2,0.51900312,-0.001452251,17.90
1926,Jan,156.53,1,296.77,0.527433703,0.008430583,17.90
1926,Feb,159.21,2,296.77,0.536485419,0.009051716,17.90
1926,Mar,146.50,3,298.45,0.49087532,-0.045610099,17.80
1926,Apr,140.44,4,296.77,0.473239658,-0.017635661,17.90
1926,May,140.15,5,298.45,0.469604624,-0.003635034,17.80
1926,Jun,149.11,6,300.13,0.49681956,0.027214936,17.70
1926,Jul,156.46,7,303.57,0.51540321,0.01858365,17.50
1926,Aug,163.01,8,305.31,0.533899971,0.018496761,17.40
1926,Sep,160.15,9,303.57,0.527547581,-0.00635239,17.50
1926,Oct,151.10,10,301.85,0.50059301,-0.026954571,17.60
1926,Nov,154.53,11,300.13,0.514863559,0.014270549,17.70
1926,Dec,159.14,12,300.13,0.530231103,0.015367544,17.70
1927,Jan,154.91,1,304.01,0.509563439,-0.020667664,17.50
1927,Feb,157.24,2,305.75,0.514290141,0.004726702,17.40
1927,Mar,160.21,3,307.52,0.520985556,0.006695416,17.30
1927,Apr,164.13,4,307.52,0.533708377,0.01272282,17.30
1927,May,169.03,5,305.75,0.55284663,0.019138253,17.40
1927,Jun,169.17,6,302.29,0.559623446,0.006776816,17.60
1927,Jul,175.50,7,307.52,0.570692963,0.011069517,17.30
1927,Aug,184.82,8,309.3,0.597552679,0.026859715,17.20
1927,Sep,195.88,9,307.52,0.636954313,0.039401635,17.30
1927,Oct,188.77,10,305.75,0.617386754,-0.01956756,17.40
1927,Nov,192.86,11,307.52,0.627141324,0.00975457,17.30
1927,Dec,198.27,12,307.52,0.644726166,0.017584842,17.30
1928,Jan,198.85,1,307.96,0.645705936,0.00097977,17.30
1928,Feb,195.62,2,311.58,0.627835129,-0.017870807,17.10
1928,Mar,203.96,3,311.58,0.654612215,0.026777086,17.10
1928,Apr,211.73,4,311.58,0.679549685,0.02493747,17.10
1928,May,217.20,5,309.75,0.701223861,0.021674176,17.20
1928,Jun,209.07,6,311.58,0.670995719,-0.030228142,17.10
1928,Jul,211.08,7,311.58,0.677435009,0.00643929,17.10
1928,Aug,224.02,8,311.58,0.718981868,0.041546859,17.10
1928,Sep,239.82,9,307.96,0.778726674,0.059744807,17.30
1928,Oct,248.72,10,309.75,0.802955237,0.024228562,17.20
1928,Nov,273.80,11,309.75,0.883952697,0.08099746,17.20
1928,Dec,280.78,12,311.58,0.901148983,0.017196286,17.10
1929,Jan,306.02,1,310.68,0.984985788,0.083836805,17.10
1929,Feb,309.94,2,310.68,0.997618128,0.01263234,17.10
1929,Mar,311.20,3,312.5,0.995826667,-0.001791461,17.00
1929,Apr,307.91,4,314.34,0.979549337,-0.01627733,16.90
1929,May,314.97,5,312.5,1.007901538,0.028352202,17.00
1929,Jun,315.44,6,310.68,1.015321231,0.007419692,17.10
1929,Jul,343.79,7,307.07,1.119576844,0.104255613,17.30
1929,Aug,360.71,8,307.07,1.174688307,0.055111463,17.30
1929,Sep,364.95,9,307.07,1.188491223,0.013802916,17.30
1929,Oct,320.61,10,307.07,1.044086665,-0.144404558,17.30
1929,Nov,232.59,11,307.07,0.757462851,-0.286623814,17.30
1929,Dec,246.88,12,308.85,0.799352436,0.041889585,17.20
1930,Jan,251.92,1,310.23,0.812052596,0.01270016,17.10
1930,Feb,268.56,2,312.05,0.860628396,0.0485758,17.00
1930,Mar,276.96,3,313.89,0.882339967,0.021711571,16.90
1930,Apr,288.19,4,312.05,0.923529883,0.041189916,17.00
1930,May,269.10,5,313.89,0.857319443,-0.06621044,16.90
1930,Jun,239.29,6,315.75,0.757852732,-0.099466712,16.80
1930,Jul,231.69,7,319.56,0.725021905,-0.032830826,16.60
1930,Aug,230.78,8,321.5,0.717835148,-0.007186757,16.50
1930,Sep,231.50,9,319.56,0.724421079,0.006585931,16.60
1930,Oct,196.18,10,321.5,0.610216533,-0.114204546,16.50
1930,Nov,182.47,11,323.45,0.56413903,-0.046077503,16.40
1930,Dec,169.89,12,329.49,0.515622045,-0.048516985,16.10
1931,Jan,168.50,1,364.26,0.462581672,-0.053040373,15.90
1931,Feb,181.31,2,368.92,0.491459099,0.028877427,15.70
1931,Mar,181.87,3,371.27,0.489846701,-0.001612398,15.60
1931,Apr,162.02,4,373.66,0.433613445,-0.056233255,15.50
1931,May,142.90,5,378.54,0.377503038,-0.056110407,15.30
1931,Jun,138.42,6,383.56,0.360890283,-0.016612755,15.10
1931,Jul,143.43,7,383.56,0.373936081,0.013045798,15.10
1931,Aug,138.78,8,383.56,0.361832869,-0.012103211,15.10
1931,Sep,118.83,9,386.13,0.307754729,-0.054078141,15.00
1931,Oct,101.96,10,388.71,0.26229758,-0.045457149,14.90
1931,Nov,104.02,11,393.99,0.264021267,0.001723687,14.70
1931,Dec,81.16,12,396.7,0.204597933,-0.059423334,14.60
1932,Jan,79.42,1,372.56,0.213184454,0.008586521,14.30
1932,Feb,80.02,2,377.86,0.211776158,-0.001408295,14.10
1932,Mar,81.47,3,380.56,0.214067124,0.002290966,14.00
1932,Apr,62.69,4,383.29,0.16356364,-0.050503483,13.90
1932,May,53.31,5,388.9,0.137084083,-0.026479557,13.70
1932,Jun,46.88,6,391.74,0.119673174,-0.017410909,13.60
1932,Jul,46.19,7,391.74,0.117903456,-0.001769718,13.60
1932,Aug,67.48,8,394.65,0.17098132,0.053077863,13.50
1932,Sep,72.56,9,397.6,0.18250503,0.011523711,13.40
1932,Oct,63.55,10,400.58,0.158639972,-0.023865058,13.30
1932,Nov,62.14,11,403.61,0.153964636,-0.004675336,13.20
1932,Dec,59.17,12,406.71,0.145473149,-0.008491486,13.10
1933,Jan,61.90,1,526.09,0.117668396,-0.027804753,12.90
1933,Feb,56.11,2,534.38,0.105006992,-0.012661404,12.70
1933,Mar,57.58,3,538.61,0.106900685,0.001893693,12.60
1933,Apr,64.97,4,538.61,0.12062686,0.013726176,12.60
1933,May,81.63,5,538.61,0.151565354,0.030938494,12.60
1933,Jun,94.06,6,534.38,0.176012748,0.024447394,12.70
1933,Jul,100.37,7,518.07,0.193739906,0.017727158,13.10
1933,Aug,98.41,8,514.13,0.191408196,-0.002331711,13.20
1933,Sep,100.37,9,514.13,0.195224619,0.003816423,13.20
1933,Oct,92.84,10,514.13,0.180576897,-0.014647722,13.20
1933,Nov,96.39,11,514.13,0.187476903,0.006900006,13.20
1933,Dec,99.32,12,514.13,0.193180713,0.00570381,13.20
1934,Jan,102.69,1,679.81,0.15105465,-0.042126063,13.20
1934,Feb,107.27,2,674.7,0.158986486,0.007931836,13.30
1934,Mar,102.07,3,674.7,0.151286612,-0.007699874,13.30
1934,Apr,104.26,4,674.7,0.154527938,0.003241327,13.30
1934,May,95.28,5,674.7,0.141219459,-0.013308479,13.30
1934,Jun,96.73,6,669.69,0.14443537,0.003215911,13.40
1934,Jul,94.48,7,669.69,0.141074228,-0.003361142,13.40
1934,Aug,91.62,8,669.69,0.136807356,-0.004266872,13.40
1934,Sep,90.54,9,659.82,0.137221768,0.000414411,13.60
1934,Oct,93.53,10,664.72,0.140707018,0.003485251,13.50
1934,Nov,99.29,11,664.72,0.149373126,0.008666108,13.50
1934,Dec,101.62,12,669.69,0.151741851,0.002368725,13.40
1935,Jan,103.09,1,659.82,0.156243078,0.004501227,13.60
1935,Feb,103.01,2,655.03,0.157265524,0.001022446,13.70
1935,Mar,99.85,3,655.03,0.152435766,-0.004829758,13.70
1935,Apr,105.98,4,650.27,0.162978455,0.010542689,13.80
1935,May,113.50,5,650.27,0.174542882,0.011564427,13.80
1935,Jun,116.85,6,655.03,0.178385723,0.003842841,13.70
1935,Jul,122.73,7,655.03,0.187366639,0.008980916,13.70
1935,Aug,127.15,8,655.03,0.19411042,0.006743781,13.70
1935,Sep,131.45,9,655.03,0.200677832,0.006567412,13.70
1935,Oct,135.43,10,655.03,0.206755063,0.006077232,13.70
1935,Nov,144.33,11,650.27,0.221961312,0.015206249,13.80
1935,Dec,141.70,12,650.27,0.217915635,-0.004045677,13.80
1936,Jan,145.93,1,650.27,0.224421572,0.006505937,13.80
1936,Feb,151.75,2,650.27,0.233361259,0.008939688,13.80
1936,Mar,155.91,3,655.03,0.238021981,0.004660722,13.70
1936,Apr,155.82,4,655.03,0.237876128,-0.000145854,13.70
1936,May,149.31,5,655.03,0.227940705,-0.009935423,13.70
1936,Jun,155.20,6,650.27,0.238670091,0.010729386,13.80
1936,Jul,162.29,7,645.58,0.251389925,0.012719834,13.90
1936,Aug,165.87,8,640.99,0.258770388,0.007380463,14.00
1936,Sep,167.82,9,640.99,0.261807516,0.003037129,14.00
1936,Oct,175.02,10,640.99,0.273039181,0.011231664,14.00
1936,Nov,182.09,11,640.99,0.284077613,0.011038432,14.00
1936,Dec,180.02,12,640.99,0.280853055,-0.003224557,14.00
1937,Jan,183.48,1,636.44,0.288291119,0.007438064,14.10
1937,Feb,188.04,2,636.44,0.29545026,0.007159141,14.10
1937,Mar,188.40,3,631.96,0.298120134,0.002669874,14.20
1937,Apr,179.34,4,627.52,0.285789236,-0.012330898,14.30
1937,May,173.05,5,623.18,0.277695315,-0.008093921,14.40
1937,Jun,170.09,6,623.18,0.272936329,-0.004758986,14.40
1937,Jul,180.25,7,618.87,0.291259877,0.018323548,14.50
1937,Aug,184.38,8,618.87,0.297931341,0.006671464,14.50
1937,Sep,160.10,9,614.64,0.260484186,-0.037447156,14.60
1937,Oct,138.60,10,614.64,0.225491345,-0.034992841,14.60
1937,Nov,125.09,11,618.87,0.202128564,-0.023362781,14.50
1937,Dec,125.55,12,623.18,0.201466671,-0.000661893,14.40
1938,Jan,128.38,1,631.96,0.203152098,0.001685427,14.20
1938,Feb,126.08,2,636.44,0.198104799,-0.005047299,14.10
1938,Mar,119.08,3,636.44,0.18709977,-0.011005029,14.10
1938,Apr,112.85,4,631.96,0.178574593,-0.008525177,14.20
1938,May,114.22,5,636.44,0.17946075,0.000886157,14.10
1938,Jun,118.79,6,636.44,0.186645185,0.007184435,14.10
1938,Jul,139.47,7,636.44,0.219137703,0.032492518,14.10
1938,Aug,140.97,8,636.44,0.221492469,0.002354765,14.10
1938,Sep,137.05,9,636.44,0.215341588,-0.006150881,14.10
1938,Oct,150.37,10,640.99,0.234587123,0.019245535,14.00
1938,Nov,151.97,11,640.99,0.237085704,0.002498581,14.00
1938,Dec,150.12,12,640.99,0.234205022,-0.002880682,14.00
1939,Jan,146.88,1,635.31,0.231200516,-0.003004506,14.00
1939,Feb,144.60,2,639.86,0.225979831,-0.005220685,13.90
1939,Mar,145.07,3,639.86,0.226716261,0.00073643,13.90
1939,Apr,127.73,4,644.51,0.198186736,-0.028529525,13.80
1939,May,132.56,5,644.51,0.205678017,0.00749128,13.80
1939,Jun,136.52,6,644.51,0.211812671,0.006134654,13.80
1939,Jul,139.26,7,644.51,0.21607733,0.004264659,13.80
1939,Aug,137.89,8,644.51,0.213949501,-0.00212783,13.80
1939,Sep,150.72,9,630.8,0.238934686,0.024985186,14.10
1939,Oct,152.16,10,635.31,0.23951142,0.000576734,14.00
1939,Nov,149.99,11,635.31,0.236084678,-0.003426742,14.00
1939,Dec,148.53,12,635.31,0.233794526,-0.002290152,14.00
1940,Jan,147.60,1,628.24,0.234935938,0.001141413,13.90
1940,Feb,147.28,2,623.77,0.236116852,0.001180914,14.00
1940,Mar,147.14,3,623.77,0.235881815,-0.000235036,14.00
1940,Apr,148.92,4,623.77,0.238740611,0.002858795,14.00
1940,May,130.77,5,623.77,0.209637181,-0.029103429,14.00
1940,Jun,119.48,6,619.35,0.192911924,-0.016725258,14.10
1940,Jul,122.23,7,623.77,0.19595487,0.003042946,14.00
1940,Aug,125.33,8,623.77,0.200922824,0.004967954,14.00
1940,Sep,131.46,9,623.77,0.210748086,0.009825262,14.00
1940,Oct,132.40,10,623.77,0.212263889,0.001515804,14.00
1940,Nov,133.90,11,623.77,0.214662456,0.002398567,14.00
1940,Dec,130.45,12,619.35,0.210620812,-0.004041644,14.10
1941,Jan,130.17,1,619.35,0.210170712,-0.0004501,14.10
1941,Feb,121.69,2,619.35,0.196481649,-0.013689064,14.10
1941,Mar,122.53,3,614.99,0.199246517,0.002764868,14.20
1941,Apr,119.11,4,610.66,0.195054531,-0.004191986,14.30
1941,May,116.44,5,606.44,0.192003267,-0.003051264,14.40
1941,Jun,121.58,6,594.04,0.204659619,0.012656351,14.70
1941,Jul,127.58,7,594.04,0.214767977,0.010108358,14.70
1941,Aug,126.68,8,586.07,0.216152967,0.001384989,14.90
1941,Sep,127.35,9,578.3,0.220210963,0.004057996,15.10
1941,Oct,121.80,10,570.74,0.213413895,-0.006797069,15.30
1941,Nov,116.91,11,567.06,0.206167056,-0.007246838,15.40
1941,Dec,110.68,12,563.39,0.196461803,-0.009705253,15.50
1942,Jan,111.12,1,556.23,0.199772092,0.003310289,15.70
1942,Feb,107.29,2,552.69,0.194116709,-0.005655384,15.80
1942,Mar,101.62,3,545.78,0.186197876,-0.007918832,16.00
1942,Apr,97.80,4,542.41,0.180313785,-0.005884092,16.10
1942,May,98.42,5,535.73,0.183719411,0.003405626,16.30
1942,Jun,103.76,6,535.73,0.193675344,0.009955934,16.30
1942,Jul,106.95,7,532.46,0.200852935,0.007177591,16.40
1942,Aug,106.10,8,529.26,0.200461312,-0.000391623,16.50
1942,Sep,107.42,9,529.26,0.202955069,0.002493758,16.50
1942,Oct,113.51,10,522.92,0.21706512,0.01411005,16.70
1942,Nov,115.32,11,519.79,0.22185533,0.00479021,16.80
1942,Dec,117.17,12,516.72,0.226748306,0.004892976,16.90
1943,Jan,121.54,1,516.72,0.235214429,0.008466124,16.90
1943,Feb,127.41,2,516.72,0.246572788,0.011358358,16.90
1943,Mar,131.15,3,507.7,0.258318196,0.011745408,17.20
1943,Apr,134.13,4,501.87,0.267264431,0.008946235,17.40
1943,May,138.61,5,499.01,0.277765977,0.010501546,17.50
1943,Jun,141.25,6,499.01,0.283068167,0.005302191,17.50
1943,Jul,142.91,7,501.87,0.284750418,0.001682251,17.40
1943,Aug,136.34,8,504.77,0.270100167,-0.014650251,17.30
1943,Sep,138.90,9,501.87,0.276764899,0.006664732,17.40
1943,Oct,138.26,10,501.87,0.275481698,-0.001283201,17.40
1943,Nov,132.68,11,501.87,0.264376449,-0.011105249,17.40
1943,Dec,134.57,12,501.87,0.268143298,0.003766848,17.40
1944,Jan,137.76,1,501.87,0.274485425,0.006342127,17.40
1944,Feb,135.98,2,501.87,0.270943194,-0.00354223,17.40
1944,Mar,139.07,3,501.87,0.277096991,0.006153796,17.40
1944,Apr,137.20,4,499.01,0.27493604,-0.002160951,17.50
1944,May,139.23,5,499.01,0.279006279,0.004070239,17.50
1944,Jun,145.46,6,496.19,0.293149181,0.014142903,17.60
1944,Jul,148.37,7,493.36,0.30072969,0.007580509,17.70
1944,Aug,146.74,8,493.36,0.297421761,-0.003307929,17.70
1944,Sep,145.21,9,493.36,0.294325307,-0.003096454,17.70
1944,Oct,147.68,10,493.36,0.299343279,0.005017972,17.70
1944,Nov,146.87,11,493.36,0.297701299,-0.001641979,17.70
1944,Dec,150.34,12,490.6,0.306441093,0.008739793,17.80
1945,Jan,153.96,1,504.14,0.305394411,-0.001046681,17.80
1945,Feb,157.14,2,504.14,0.311691918,0.006297507,17.80
1945,Mar,157.23,3,504.14,0.311879179,0.000187261,17.80
1945,Apr,160.47,4,504.14,0.318306092,0.006426913,17.80
1945,May,165.58,5,501.31,0.33028849,0.011982398,17.90
1945,Jun,167.33,6,495.78,0.337510124,0.007221634,18.10
1945,Jul,163.92,7,495.78,0.330628601,-0.006881523,18.10
1945,Aug,166.17,8,495.78,0.335162101,0.004533501,18.10
1945,Sep,177.96,9,495.78,0.358951288,0.023789187,18.10
1945,Oct,185.08,10,495.78,0.373300658,0.01434937,18.10
1945,Nov,190.22,11,495.78,0.383681752,0.010381095,18.10
1945,Dec,192.74,12,493.05,0.390917081,0.007235329,18.20
1946,Jan,199.00,1,493.05,0.403617982,0.012700902,18.20
1946,Feb,199.41,2,495.78,0.402223336,-0.001394646,18.10
1946,Mar,194.38,3,490.35,0.396412296,-0.005811041,18.30
1946,Apr,205.80,4,487.69,0.42199758,0.025585285,18.40
1946,May,206.64,5,485.07,0.426000371,0.004002791,18.50
1946,Jun,207.33,6,479.89,0.432026089,0.006025718,18.70
1946,Jul,202.28,7,453.22,0.446311444,0.014285355,19.80
1946,Aug,199.45,8,444.26,0.448948814,0.00263737,20.20
1946,Sep,172.74,9,439.88,0.392686642,-0.056262172,20.40
1946,Oct,169.48,10,431.41,0.392853131,0.000166489,20.80
1946,Nov,168.94,11,421.3,0.40099485,0.008141719,21.30
1946,Dec,174.39,12,417.38,0.417825483,0.016830632,21.50
1947,Jan,176.11,1,417.38,0.421936107,0.004110624,21.50
1947,Feb,181.54,2,417.38,0.434953541,0.013017434,21.50
1947,Mar,176.68,3,409.75,0.431182241,-0.003771301,21.90
1947,Apr,171.28,4,409.75,0.41800122,-0.01318102,21.90
1947,May,168.69,5,409.75,0.411685174,-0.006316046,21.90
1947,Jun,173.76,6,407.89,0.426001875,0.014316701,22.00
1947,Jul,183.53,7,404.22,0.454028184,0.02802631,22.20
1947,Aug,180.08,8,398.83,0.451523086,-0.002505098,22.50
1947,Sep,176.81,9,390.15,0.453195657,0.001672571,23.00
1947,Oct,181.92,10,390.15,0.466280228,0.01308457,23.00
1947,Nov,181.45,11,388.47,0.467077135,0.000796907,23.10
1947,Dec,179.18,12,383.5,0.467214923,0.000137789,23.40
1948,Jan,176.26,1,378.63,0.465530993,-0.00168393,23.70
1948,Feb,168.65,2,381.85,0.441667515,-0.023863478,23.50
1948,Mar,169.95,3,383.5,0.443145121,0.001477605,23.40
1948,Apr,180.06,4,377.06,0.477540812,0.034395691,23.80
1948,May,186.39,5,375.48,0.496397944,0.018857132,23.90
1948,Jun,191.06,6,372.37,0.513101583,0.016703639,24.10
1948,Jul,187.07,7,367.78,0.50863741,-0.004464173,24.40
1948,Aug,181.77,8,366.28,0.496267138,-0.012370272,24.50
1948,Sep,180.34,9,366.28,0.492350375,-0.003916763,24.50
1948,Oct,185.19,10,367.78,0.503529284,0.011178909,24.40
1948,Nov,176.60,11,370.83,0.476240724,-0.027288559,24.20
1948,Dec,176.32,12,372.37,0.473495138,-0.002745586,24.10
1949,Jan,179.75,1,340.57,0.527785771,0.054290633,24.00
1949,Feb,174.45,2,343.44,0.507962222,-0.019823549,23.80
1949,Mar,175.88,3,343.44,0.512117055,0.004154834,23.80
1949,Apr,175.65,4,342.01,0.513587322,0.001470267,23.90
1949,May,174.03,5,343.44,0.506711507,-0.006875815,23.80
1949,Jun,165.60,6,342.01,0.484196369,-0.022515139,23.90
1949,Jul,173.34,7,344.88,0.502609603,0.018413235,23.70
1949,Aug,179.25,8,343.44,0.521918897,0.019309294,23.80
1949,Sep,180.92,9,342.01,0.528987596,0.007068698,23.90
1949,Oct,186.47,10,344.88,0.540686616,0.01169902,23.70
1949,Nov,191.61,11,343.44,0.557910248,0.017223633,23.80
1949,Dec,196.78,12,346.34,0.568170006,0.010259758,23.60
1950,Jan,199.75,1,381.85,0.523116407,-0.045053599,23.50
1950,Feb,203.46,2,381.85,0.532824646,0.009708239,23.50
1950,Mar,206.30,3,380.24,0.542552072,0.009727427,23.60
1950,Apr,212.67,4,380.24,0.559306841,0.016754769,23.60
1950,May,219.36,5,378.63,0.579355937,0.020049096,23.70
1950,Jun,221.02,6,377.06,0.586161836,0.006805899,23.80
1950,Jul,205.31,7,372.37,0.551360206,-0.03480163,24.10
1950,Aug,216.61,8,369.29,0.586554458,0.035194251,24.30
1950,Sep,223.20,9,367.78,0.606884551,0.020330093,24.40
1950,Oct,229.19,10,364.77,0.628318154,0.021433603,24.60
1950,Nov,229.38,11,363.3,0.631374239,0.003056085,24.70
1950,Dec,229.25,12,358.96,0.638662154,0.007287915,25.00
1951,Jan,244.45,1,353.29,0.691924481,0.053262328,25.40
1951,Feb,253.32,2,349.16,0.72552047,0.033595989,25.70
1951,Mar,249.50,3,347.83,0.717293373,-0.008227097,25.80
1951,Apr,253.36,4,347.83,0.728413305,0.011119933,25.80
1951,May,254.36,5,346.47,0.734151697,0.005738392,25.90
1951,Jun,249.32,6,346.47,0.719597794,-0.014553903,25.90
1951,Jul,253.61,7,346.47,0.731981193,0.012383399,25.90
1951,Aug,264.93,8,346.47,0.764656203,0.032675011,25.90
1951,Sep,273.37,9,343.81,0.795114805,0.030458601,26.10
1951,Oct,269.73,10,342.51,0.787523329,-0.007591476,26.20
1951,Nov,259.61,11,339.92,0.76374748,-0.023775849,26.40
1951,Dec,266.08,12,338.63,0.785766175,0.022018695,26.50
1952,Jan,271.72,1,335.63,0.809579688,0.023813513,26.50
1952,Feb,265.20,2,338.19,0.784174576,-0.025405112,26.30
1952,Mar,264.50,3,338.19,0.782093361,-0.002081215,26.30
1952,Apr,262.55,4,336.91,0.779294174,-0.002799188,26.40
1952,May,261.62,5,336.91,0.776515983,-0.00277819,26.40
1952,Jun,268.39,6,335.63,0.799647571,0.023131588,26.50
1952,Jul,276.05,7,333.13,0.82865548,0.029007909,26.70
1952,Aug,276.70,8,333.13,0.83060667,0.00195119,26.70
1952,Sep,272.41,9,333.13,0.81774168,-0.012864991,26.70
1952,Oct,267.78,10,333.13,0.80382215,-0.01391953,26.70
1952,Nov,276.38,11,333.13,0.829635489,0.02581334,26.70
1952,Dec,285.96,12,333.13,0.858414542,0.028779053,26.70
1953,Jan,288.45,1,337.37,0.855003056,-0.003411486,26.60
1953,Feb,283.96,2,338.63,0.838558637,-0.016444419,26.50
1953,Mar,286.79,3,337.37,0.850078279,0.011519643,26.60
1953,Apr,275.29,4,337.37,0.815975677,-0.034102602,26.60
1953,May,276.84,5,336.11,0.823667422,0.007691744,26.70
1953,Jun,266.89,6,334.85,0.797032593,-0.026634829,26.80
1953,Jul,270.33,7,334.85,0.807305023,0.01027243,26.80
1953,Aug,272.20,8,333.59,0.815985977,0.008680953,26.90
1953,Sep,261.90,9,333.59,0.785109751,-0.030876225,26.90
1953,Oct,270.72,10,332.36,0.814535587,0.029425836,27.00
1953,Nov,277.09,11,333.59,0.830643738,0.016108151,26.90
1953,Dec,281.15,12,333.59,0.842814669,0.012170931,26.90
1954,Jan,286.64,1,336.54,0.851726392,0.008911723,26.90
1954,Feb,292.13,2,336.54,0.868044152,0.01631776,26.90
1954,Mar,299.16,3,336.54,0.888918172,0.02087402,26.90
1954,Apr,310.85,4,337.81,0.920190478,0.031272306,26.80
1954,May,322.85,5,336.54,0.959321329,0.039130851,26.90
1954,Jun,327.91,6,336.54,0.974367494,0.015046165,26.90
1954,Jul,341.27,7,336.54,1.014059038,0.039691544,26.90
1954,Aug,346.06,8,336.54,1.028298676,0.014239638,26.90
1954,Sep,352.71,9,337.81,1.044120321,0.015821645,26.80
1954,Oct,358.29,10,337.81,1.060627205,0.016506884,26.80
1954,Nov,375.71,11,337.81,1.112178444,0.051551238,26.80
1954,Dec,393.84,12,339.08,1.161498493,0.04932005,26.70
1955,Jan,398.43,1,339.08,1.175042271,0.013543778,26.70
1955,Feb,410.26,2,339.08,1.209914754,0.034872483,26.70
1955,Mar,408.91,3,339.08,1.205935755,-0.003978999,26.70
1955,Apr,423.00,4,339.08,1.247493217,0.041557462,26.70
1955,May,421.68,5,339.08,1.243594968,-0.003898249,26.70
1955,Jun,440.83,6,339.08,1.30008204,0.056487072,26.70
1955,Jul,462.17,7,337.81,1.368121133,0.068039093,26.80
1955,Aug,457.31,8,337.81,1.353758158,-0.014362975,26.80
1955,Sep,476.44,9,336.54,1.415695297,0.061937139,26.90
1955,Oct,452.65,10,336.54,1.345018069,-0.070677228,26.90
1955,Nov,476.60,11,336.54,1.416161526,0.071143457,26.90
1955,Dec,484.58,12,337.81,1.43447782,0.018316294,26.80
1956,Jan,474.75,1,337.81,1.405368755,-0.029109065,26.80
1956,Feb,475.53,2,337.81,1.407684793,0.002316038,26.80
1956,Mar,502.67,3,337.81,1.488015946,0.080331153,26.80
1956,Apr,511.05,4,336.54,1.518534555,0.030518609,26.90
1956,May,495.21,5,335.3,1.476913483,-0.041621072,27.00
1956,Jun,485.33,6,332.83,1.458201885,-0.018711598,27.20
1956,Jul,509.75,7,330.4,1.542834083,0.084632198,27.40
1956,Aug,511.69,8,331.63,1.542958431,0.000124348,27.30
1956,Sep,495.03,9,330.4,1.498263668,-0.044694763,27.40
1956,Oct,483.81,10,329.2,1.469662951,-0.028600717,27.50
1956,Nov,479.36,11,329.2,1.456120899,-0.013542052,27.50
1956,Dec,492.02,12,327.99,1.500093873,0.043972974,27.60
1957,Jan,485.90,1,325.12,1.494525098,-0.005568775,27.60
1957,Feb,466.83,2,323.96,1.44101611,-0.053508989,27.70
1957,Mar,472.77,3,322.81,1.464535382,0.023519272,27.80
1957,Apr,485.42,4,321.65,1.509167759,0.044632376,27.90
1957,May,500.83,5,320.5,1.562643597,0.053475838,28.00
1957,Jun,505.29,6,319.34,1.582279076,0.019635479,28.10
1957,Jul,514.65,7,317.1,1.622975259,0.040696183,28.30
1957,Aug,487.97,8,317.1,1.538860698,-0.084114561,28.30
1957,Sep,471.80,9,317.1,1.487842952,-0.051017746,28.30
1957,Oct,443.38,10,317.1,1.398228511,-0.089614441,28.30
1957,Nov,436.73,11,315.98,1.38213278,-0.016095731,28.40
1957,Dec,436.96,12,315.98,1.382878362,0.000745582,28.40
1958,Jan,445.69,1,316.55,1.40794934,0.025070978,28.60
1958,Feb,444.16,2,316.55,1.403127468,-0.004821872,28.60
1958,Mar,450.15,3,314.33,1.432101234,0.028973766,28.80
1958,Apr,446.91,4,313.27,1.426610546,-0.005490688,28.90
1958,May,460.04,5,313.27,1.468518713,0.041908167,28.90
1958,Jun,471.98,6,313.27,1.506611519,0.038092806,28.90
1958,Jul,488.30,7,312.18,1.564147141,0.057535622,29.00
1958,Aug,507.55,8,313.27,1.620160306,0.056013165,28.90
1958,Sep,521.81,9,313.27,1.665686225,0.045525919,28.90
1958,Oct,539.85,10,313.27,1.723266914,0.057580688,28.90
1958,Nov,557.11,11,312.18,1.784582969,0.061316055,29.00
1958,Dec,566.44,12,313.27,1.808161832,0.023578864,28.90
1959,Jan,592.30,1,312.18,1.897302838,0.089141006,29.00
1959,Feb,590.72,2,313.27,1.885644299,-0.011658539,28.90
1959,Mar,609.13,3,313.27,1.944435577,0.058791279,28.90
1959,Apr,617.00,4,312.18,1.976409298,0.03197372,29.00
1959,May,630.80,5,312.18,2.020644378,0.04423508,29.00
1959,Jun,631.52,6,311.12,2.029821875,0.009177497,29.10
1959,Jul,662.81,7,310.02,2.137970571,0.108148696,29.20
1959,Aug,660.58,8,310.02,2.130753469,-0.007217102,29.20
1959,Sep,635.49,9,308.96,2.056869744,-0.073883725,29.30
1959,Oct,637.35,10,307.94,2.069721374,0.01285163,29.40
1959,Nov,646.43,11,307.94,2.099212765,0.029491391,29.40
1959,Dec,671.36,12,307.94,2.180176776,0.080964011,29.40
1960,Jan,655.39,1,308.96,2.121277835,-0.058898941,29.30
1960,Feb,624.89,2,307.94,2.029258947,-0.092018889,29.40
1960,Mar,614.70,3,307.94,1.996182204,-0.033076743,29.40
1960,Apr,619.98,4,306.88,2.020252216,0.024070012,29.50
1960,May,615.63,5,306.88,2.006104449,-0.014147767,29.50
1960,Jun,644.39,6,305.86,2.106816547,0.100712098,29.60
1960,Jul,625.83,7,305.86,2.046132217,-0.06068433,29.60
1960,Aug,624.47,8,305.86,2.041698532,-0.004433685,29.60
1960,Sep,598.10,9,305.86,1.955485392,-0.08621314,29.60
1960,Oct,582.47,10,303.81,1.917207026,-0.038278365,29.80
1960,Nov,601.14,11,303.81,1.978654422,0.061447396,29.80
1960,Dec,609.54,12,303.81,2.006329144,0.027674722,29.80
1961,Jan,632.20,1,303.81,2.080921503,0.07459236,29.80
1961,Feb,650.02,2,303.81,2.139547051,0.058625547,29.80
1961,Mar,670.57,3,303.81,2.207195885,0.067648834,29.80
1961,Apr,684.90,4,303.81,2.25435305,0.047157165,29.80
1961,May,693.03,5,303.81,2.281140625,0.026787576,29.80
1961,Jun,691.46,6,303.81,2.275958958,-0.005181668,29.80
1961,Jul,690.67,7,301.76,2.288805673,0.012846716,30.00
1961,Aug,718.64,8,302.78,2.373469616,0.084663943,29.90
1961,Sep,711.02,9,301.76,2.356243372,-0.017226244,30.00
1961,Oct,703.01,10,301.76,2.329711149,-0.026532223,30.00
1961,Nov,724.74,11,301.76,2.401693399,0.07198225,30.00
1961,Dec,728.44,12,301.76,2.413954799,0.0122614,30.00
1962,Jan,705.15,1,301.76,2.336790827,-0.077163971,30.00
1962,Feb,711.95,2,300.77,2.367099882,0.030309055,30.10
1962,Mar,714.20,3,300.77,2.374571932,0.00747205,30.10
1962,Apr,690.29,4,299.78,2.302638602,-0.07193333,30.20
1962,May,643.71,5,299.78,2.147271636,-0.155366966,30.20
1962,Jun,572.65,6,299.78,1.910242114,-0.237029522,30.20
1962,Jul,581.79,7,298.79,1.947155113,0.036912999,30.30
1962,Aug,602.50,8,298.79,2.016480966,0.069325853,30.30
1962,Sep,597.02,9,297.8,2.004771836,-0.01170913,30.40
1962,Oct,580.67,10,297.8,1.949864222,-0.054907614,30.40
1962,Nov,628.83,11,297.8,2.111584956,0.161720735,30.40
1962,Dec,648.38,12,297.8,2.177233042,0.065648086,30.40
1963,Jan,672.10,1,297.8,2.256883815,0.079650772,30.40
1963,Feb,679.74,2,297.8,2.282545686,0.025661871,30.40
1963,Mar,674.63,3,296.82,2.272854159,-0.009691527,30.50
1963,Apr,707.12,4,296.82,2.382332085,0.109477926,30.50
1963,May,720.84,5,296.82,2.428545614,0.046213529,30.50
1963,Jun,719.15,6,295.86,2.430693571,0.002147957,30.60
1963,Jul,700.75,7,294.87,2.376470987,-0.054222584,30.70
1963,Aug,714.16,8,294.87,2.421945572,0.045474585,30.70
1963,Sep,738.53,9,294.87,2.504578289,0.082632716,30.70
1963,Oct,747.53,10,293.92,2.543312584,0.038734296,30.80
1963,Nov,743.24,11,293.92,2.528730418,-0.014582166,30.80
1963,Dec,759.96,12,292.97,2.59397598,0.065245562,30.90
1964,Jan,777.07,1,292.97,2.65238141,0.05840543,30.90
1964,Feb,793.02,2,292.97,2.706833644,0.054452233,30.90
1964,Mar,812.19,3,292.97,2.772248743,0.065415099,30.90
1964,Apr,820.96,4,292.97,2.802195074,0.029946331,30.90
1964,May,823.13,5,292.97,2.809605079,0.007410005,30.90
1964,Jun,817.65,6,292.05,2.79967627,-0.009928809,31.00
1964,Jul,844.25,7,291.1,2.900221729,0.10054546,31.10
1964,Aug,835.31,8,292.05,2.860159301,-0.040062429,31.00
1964,Sep,863.55,9,291.1,2.966514534,0.106355234,31.10
1964,Oct,875.27,10,291.1,3.006761188,0.040246654,31.10
1964,Nov,880.03,11,290.18,3.03270928,0.025948092,31.20
1964,Dec,866.73,12,290.18,2.986876484,-0.045832796,31.20
1965,Jan,889.91,1,290.18,3.066751671,0.079875187,31.20
1965,Feb,894.42,2,290.18,3.082297376,0.015545705,31.20
1965,Mar,896.45,3,289.22,3.099551116,0.01725374,31.30
1965,Apr,907.72,4,288.31,3.148413332,0.048862215,31.40
1965,May,927.50,5,288.31,3.217006,0.068592669,31.40
1965,Jun,878.07,6,286.51,3.064719302,-0.152286698,31.60
1965,Jul,873.44,7,286.51,3.048559761,-0.016159541,31.60
1965,Aug,887.71,8,286.51,3.098352905,0.049793144,31.60
1965,Sep,922.20,9,286.51,3.2187192,0.120366295,31.60
1965,Oct,944.78,10,285.59,3.308172388,0.089453188,31.70
1965,Nov,953.31,11,285.59,3.338037046,0.029864658,31.70
1965,Dec,955.20,12,284.7,3.355126609,0.017089562,31.80
1966,Jan,985.93,1,284.7,3.463043806,0.107917197,31.80
1966,Feb,977.15,2,282.9,3.454056669,-0.008987137,32.00
1966,Mar,926.43,3,282.02,3.284996747,-0.169059922,32.10
1966,Apr,943.46,4,280.29,3.365995933,0.080999186,32.30
1966,May,890.71,5,280.29,3.177814135,-0.188181798,32.30
1966,Jun,888.83,6,279.41,3.181102388,0.003288253,32.40
1966,Jul,875.89,7,278.56,3.144331562,-0.036770826,32.50
1966,Aug,817.55,8,276.87,2.952821996,-0.191509566,32.70
1966,Sep,791.66,9,276.87,2.859327138,-0.093494858,32.70
1966,Oct,778.11,10,275.17,2.827758425,-0.031568714,32.90
1966,Nov,806.56,11,275.17,2.931133481,0.103375056,32.90
1966,Dec,800.88,12,275.17,2.910477852,-0.020655629,32.90
1967,Jan,830.55,1,275.17,3.018324603,0.107846751,32.90
1967,Feb,851.12,2,275.17,3.093073564,0.074748961,32.90
1967,Mar,858.12,3,274.32,3.128181421,0.035107856,33.00
1967,Apr,868.66,4,273.51,3.175971628,0.047790208,33.10
1967,May,883.74,5,272.7,3.240707404,0.064735776,33.20
1967,Jun,872.66,6,271.85,3.210092464,-0.03061494,33.30
1967,Jul,888.51,7,271.04,3.278132379,0.068039915,33.40
1967,Aug,912.48,8,270.23,3.376672689,0.09854031,33.50
1967,Sep,923.46,9,269.45,3.427185006,0.050512317,33.60
1967,Oct,907.55,10,268.64,3.378296064,-0.048888943,33.70
1967,Nov,865.44,11,267.83,3.23128477,-0.147011293,33.80
1967,Dec,887.20,12,267.05,3.322224303,0.090939532,33.90
1968,Jan,884.78,1,303.09,2.91918992,-0.403034383,34.10
1968,Feb,847.20,2,302.2,2.80344143,-0.11574849,34.20
1968,Mar,834.76,3,301.32,2.770334338,-0.033107091,34.30
1968,Apr,893.38,4,300.43,2.973671071,0.203336733,34.40
1968,May,905.23,5,299.58,3.021669732,0.04799866,34.50
1968,Jun,906.82,6,297.85,3.044564477,0.022894745,34.70
1968,Jul,905.33,7,296.12,3.057305862,0.012741385,34.90
1968,Aug,883.73,8,295.27,2.992948074,-0.064357788,35.00
1968,Sep,922.82,9,294.46,3.13395208,0.141004006,35.10
1968,Oct,955.48,10,292.77,3.26357816,0.12962608,35.30
1968,Nov,964.13,11,291.97,3.302152316,0.038574157,35.40
1968,Dec,968.39,12,291.12,3.326425147,0.024272831,35.50
1969,Jan,935.00,1,301.62,3.09991199,-0.226513157,35.60
1969,Feb,931.31,2,299.94,3.104972846,0.005060856,35.80
1969,Mar,916.52,3,297.43,3.081447736,-0.023525111,36.10
1969,Apr,927.38,4,295.8,3.135146012,0.053698277,36.30
1969,May,954.88,5,295,3.236868442,0.10172243,36.40
1969,Jun,896.62,6,293.37,3.05627381,-0.180594632,36.60
1969,Jul,844.02,7,291.78,2.892655589,-0.163618221,36.80
1969,Aug,825.46,8,290.19,2.844556686,-0.048098902,37.00
1969,Sep,826.72,9,289.43,2.85636958,0.011812894,37.10
1969,Oct,832.52,10,287.88,2.891890341,0.035520761,37.30
1969,Nov,841.10,11,286.33,2.937519645,0.045629304,37.50
1969,Dec,789.23,12,284.83,2.770871301,-0.166648344,37.70
1970,Jan,782.93,1,247.99,3.15711655,0.386245249,37.80
1970,Feb,756.22,2,246.67,3.065698259,-0.091418292,38.00
1970,Mar,777.63,3,245.39,3.168969124,0.103270865,38.20
1970,Apr,771.65,4,243.45,3.169663362,0.000694238,38.50
1970,May,691.97,5,242.83,2.849592994,-0.320070368,38.60
1970,Jun,699.30,6,241.59,2.894573451,0.044980457,38.80
1970,Jul,712.81,7,240.35,2.965712881,0.07113943,39.00
1970,Aug,731.98,8,240.35,3.045479311,0.07976643,39.00
1970,Sep,759.39,9,239.14,3.175485968,0.130006657,39.20
1970,Oct,763.74,10,237.9,3.210325194,0.034839226,39.40
1970,Nov,769.28,11,236.69,3.25013731,0.039812116,39.60
1970,Dec,821.51,12,235.52,3.488084394,0.237947083,39.80
1971,Jan,849.04,1,244.02,3.479386935,-0.008697458,39.80
1971,Feb,879.69,2,248.94,3.533762099,0.054375163,39.90
1971,Mar,901.29,3,249.16,3.617301961,0.083539862,40.00
1971,Apr,932.54,4,249.43,3.738695655,0.121393694,40.10
1971,May,925.51,5,257.79,3.590150898,-0.148544757,40.30
1971,Jun,900.45,6,253.23,3.555840361,-0.034310537,40.60
1971,Jul,887.81,7,257.94,3.441922632,-0.113917728,40.70
1971,Aug,875.41,8,268.39,3.261722256,-0.180200376,40.80
1971,Sep,901.22,9,264.12,3.412175562,0.150453306,40.80
1971,Oct,872.15,10,266.43,3.273458766,-0.138716796,40.90
1971,Nov,822.11,11,268.69,3.059695276,-0.21376349,40.90
1971,Dec,869.92,12,271.23,3.207308122,0.147612845,41.10
1972,Jan,904.65,1,285.39,3.169881148,-0.037426973,41.10
1972,Feb,914.37,2,299.6,3.051969292,-0.117911856,41.30
1972,Mar,939.23,3,299.31,3.137990105,0.086020812,41.40
1972,Apr,958.17,4,302.91,3.163200291,0.025210186,41.50
1972,May,948.22,5,336.62,2.816893611,-0.34630668,41.60
1972,Jun,943.44,6,381.73,2.471475555,-0.345418056,41.70
1972,Jul,925.94,7,401.77,2.304651915,-0.16682364,41.90
1972,Aug,958.36,8,409.22,2.341910273,0.037258357,42.00
1972,Sep,950.60,9,398.65,2.384535307,0.042625034,42.10
1972,Oct,944.10,10,393.12,2.401568339,0.017033032,42.30
1972,Nov,"1,001.20",11,380.42,2.631814836,0.230246497,42.40
1972,Dec,"1,020.32",12,385.57,2.646266703,0.014451867,42.50
1973,Jan,"1,026.82",1,392.08,2.618914021,-0.027352681,42.60
1973,Feb,974.05,2,443.42,2.196669903,-0.422244118,42.90
1973,Mar,957.36,3,500.09,1.914373595,-0.282296309,43.30
1973,Apr,944.12,4,532.2,1.773985344,-0.140388251,43.60
1973,May,922.41,5,598.95,1.540043561,-0.233941783,43.90
1973,Jun,893.90,6,697.28,1.281981413,-0.258062148,44.20
1973,Jul,903.61,7,694.1,1.301843429,0.019862015,44.30
1973,Aug,883.73,8,605.91,1.458524835,0.156681406,45.10
1973,Sep,909.99,9,582.34,1.562642913,0.104118078,45.20
1973,Oct,967.63,10,562.75,1.71945995,0.156817038,45.60
1973,Nov,878.99,11,531.9,1.652548367,-0.066911584,45.90
1973,Dec,824.08,12,592.46,1.390946224,-0.261602142,46.20
1974,Jan,857.25,1,712.56,1.203056585,-0.18788964,46.60
1974,Feb,831.33,2,821.43,1.012047668,-0.191008917,47.20
1974,Mar,874.01,3,904.26,0.966546705,-0.045500962,47.80
1974,Apr,847.79,4,919.29,0.922217923,-0.044328783,48.00
1974,May,830.26,5,859.56,0.965917023,0.0436991,48.60
1974,Jun,831.45,6,804.63,1.033332091,0.067415067,49.00
1974,Jul,783.01,7,747.31,1.047770123,0.014438033,49.40
1974,Aug,729.30,8,792.22,0.920577617,-0.127192506,50.00
1974,Sep,651.29,9,767.25,0.848862822,-0.071714796,50.60
1974,Oct,638.62,10,797.6,0.800679212,-0.04818361,51.10
1974,Nov,642.11,11,908.49,0.706788187,-0.093891025,51.50
1974,Dec,596.50,12,907.58,0.65723709,-0.049551097,51.90
1975,Jan,659.09,1,868.65,0.758753133,0.101516043,52.10
1975,Feb,724.89,2,877.8,0.82580854,0.067055407,52.50
1975,Mar,765.06,3,866.16,0.883277916,0.057469376,52.70
1975,Apr,790.94,4,821.95,0.96226822,0.078990304,52.90
1975,May,836.55,5,806.07,1.037816047,0.075547827,53.20
1975,Jun,845.70,6,786.13,1.075776271,0.037960224,53.60
1975,Jul,856.29,7,781.25,1.096052364,0.020276093,54.20
1975,Aug,815.52,8,768.27,1.061506774,-0.034545589,54.30
1975,Sep,818.29,9,675.43,1.21150336,0.149996585,54.60
1975,Oct,831.27,10,666.64,1.246960748,0.035457388,54.90
1975,Nov,845.52,11,659.61,1.281841982,0.034881234,55.30
1975,Dec,840.80,12,643.61,1.306374131,0.02453215,55.50
1976,Jan,929.34,1,605.19,1.535621635,0.229247504,55.60
1976,Feb,971.72,2,602.59,1.612565408,0.076943774,55.80
1976,Mar,988.55,3,607.82,1.626389678,0.013824269,55.90
1976,Apr,992.52,4,584.59,1.69780367,0.071413993,56.10
1976,May,988.82,5,575.83,1.717208204,0.019404534,56.50
1976,Jun,985.60,6,567.05,1.738110316,0.020902112,56.80
1976,Jul,993.20,7,527.62,1.882415375,0.144305059,57.10
1976,Aug,981.63,8,490.39,2.001727753,0.119312378,57.40
1976,Sep,994.38,9,509.11,1.953165702,-0.048562051,57.60
1976,Oct,951.96,10,514.36,1.850769704,-0.102395998,57.90
1976,Nov,944.58,11,577.56,1.635457788,-0.215311916,58.00
1976,Dec,976.87,12,590.05,1.65556848,0.020110692,58.20
1977,Jan,970.63,1,579.43,1.675152017,0.019583537,58.50
1977,Feb,941.75,2,592.22,1.590207409,-0.084944609,59.10
1977,Mar,946.10,3,639.37,1.479737867,-0.110469542,59.50
1977,Apr,929.12,4,637.4,1.457663947,-0.02207392,60.00
1977,May,926.30,5,622.92,1.487028832,0.029364885,60.30
1977,Jun,916.57,6,594.53,1.54167616,0.054647328,60.70
1977,Jul,908.21,7,602.84,1.506544461,-0.035131698,61.00
1977,Aug,872.27,8,607.32,1.436253075,-0.070291387,61.20
1977,Sep,853.37,9,625.36,1.364600657,-0.071652418,61.40
1977,Oct,823.96,10,661.88,1.244881103,-0.119719553,61.60
1977,Nov,828.52,11,671.21,1.234366365,-0.010514739,61.90
1977,Dec,818.80,12,662,1.236858006,0.002491641,62.10
1978,Jan,781.08,1,711.08,1.098436449,-0.138421557,62.50
1978,Feb,763.58,2,726.79,1.050625642,-0.047810807,62.90
1978,Mar,756.37,3,742.8,1.018272385,-0.032353258,63.40
1978,Apr,794.66,4,700.9,1.133770866,0.115498481,63.90
1978,May,838.56,5,702.14,1.194296916,0.06052605,64.50
1978,Jun,840.25,6,722.54,1.162917687,-0.031379229,65.20
1978,Jul,831.72,7,738.45,1.126305099,-0.036612588,65.70
1978,Aug,887.93,8,801.75,1.107495831,-0.018809267,66.00
1978,Sep,878.64,9,818.38,1.073633275,-0.033862556,66.50
1978,Oct,857.70,10,869.77,0.986127994,-0.087505281,67.10
1978,Nov,804.30,11,781.08,1.029721972,0.043593978,67.40
1978,Dec,807.96,12,786.56,1.027207079,-0.002514893,67.70
1979,Jan,837.39,1,853.4,0.981235486,-0.045971593,68.30
1979,Feb,825.18,2,913.25,0.903563041,-0.077672445,69.10
1979,Mar,847.85,3,888.28,0.954490189,0.050927148,69.80
1979,Apr,864.97,4,869.36,0.994944557,0.040454367,70.60
1979,May,837.41,5,926.16,0.904178151,-0.090766406,71.50
1979,Jun,837.89,6,990.19,0.846187463,-0.057990688,72.30
1979,Jul,836.96,7,1034.07,0.809381515,-0.036805948,73.10
1979,Aug,873.55,8,1047.58,0.833876338,0.024494823,73.80
1979,Sep,878.51,9,1228.42,0.71515057,-0.118725768,74.60
1979,Oct,840.52,10,1332.48,0.630795013,-0.084355557,75.20
1979,Nov,815.79,11,1328.03,0.614282595,-0.016512418,75.90
1979,Dec,836.14,12,1524.14,0.548597898,-0.065684697,76.70
1980,Jan,860.75,1,2233.91,0.385312992,-0.163284906,77.80
1980,Feb,878.22,2,2158.98,0.406773106,0.021460114,78.90
1980,Mar,803.57,3,1762.53,0.455919291,0.049146186,80.10
1980,Apr,786.35,4,1636.05,0.480637889,0.024718598,81.00
1980,May,828.20,5,1615.92,0.512525373,0.031887483,81.80
1980,Jun,869.86,6,1869.49,0.465293692,-0.04723168,82.70
1980,Jul,909.79,7,1994.73,0.456094992,-0.0091987,82.70
1980,Aug,947.33,8,1930.89,0.490617576,0.034522584,83.30
1980,Sep,946.68,9,2059.61,0.459638568,-0.030979008,84.00
1980,Oct,949.17,10,1995.94,0.475550149,0.015911582,84.80
1980,Nov,971.09,11,1869.37,0.519473881,0.043923732,85.50
1980,Dec,945.97,12,1764.3,0.536171956,0.016698075,86.30
1981,Jan,962.14,1,1638.03,0.587378044,0.051206088,87.00
1981,Feb,945.51,2,1455.76,0.649496158,0.062118114,87.90
1981,Mar,987.18,3,1448.12,0.681698905,0.032202747,88.50
1981,Apr,"1,004.86",4,1424.98,0.705172804,0.0234739,89.10
1981,May,979.53,5,1368.6,0.715713138,0.010540333,89.80
1981,Jun,996.27,6,1299.96,0.766387218,0.05067408,90.60
1981,Jul,947.95,7,1143.7,0.828844977,0.062457759,91.60
1981,Aug,926.26,8,1141.51,0.811435646,-0.01740933,92.30
1981,Sep,853.39,9,1221.72,0.6985117,-0.112923946,93.20
1981,Oct,853.26,10,1201.21,0.71033299,0.01182129,93.40
1981,Nov,860.43,11,1129.17,0.762002179,0.051669189,93.70
1981,Dec,878.29,12,1119.3,0.784674675,0.022672496,94.00
1982,Jan,853.42,1,1043.96,0.817478639,0.032803964,94.30
1982,Feb,833.16,2,1012.65,0.822750106,0.005271467,94.60
1982,Mar,812.34,3,893.96,0.908702267,0.085952161,94.50
1982,Apr,844.93,4,947.48,0.891764018,-0.016938249,94.90
1982,May,846.74,5,891.67,0.949605796,0.057841778,95.80
1982,Jun,804.37,6,831.99,0.966805764,0.017199968,97.00
1982,Jul,818.41,7,893.94,0.915508338,-0.051297425,97.50
1982,Aug,832.11,8,959.1,0.867598411,-0.047909927,97.70
1982,Sep,917.27,9,1145.13,0.801019473,-0.066578939,97.90
1982,Oct,988.73,10,1103.75,0.895790325,0.094770853,98.20
1982,Nov,"1,027.76",11,1086.19,0.946208218,0.050417893,98.00
1982,Dec,"1,033.10",12,1167.44,0.884923812,-0.061284407,97.60
1983,Jan,"1,064.31",1,1265.8,0.840819659,-0.044104153,97.80
1983,Feb,"1,087.40",2,1280.04,0.849504703,0.008685044,97.90
1983,Mar,"1,129.58",3,1099.82,1.027057392,0.177552689,97.90
1983,Apr,"1,168.43",4,1125.75,1.037912503,0.010855111,98.60
1983,May,"1,212.86",5,1130.73,1.072636177,0.034723675,99.20
1983,Jun,"1,221.47",6,1064.25,1.147726739,0.075090562,99.50
1983,Jul,"1,213.94",7,1084.39,1.119463477,-0.028263262,99.90
1983,Aug,"1,189.22",8,1065.41,1.116210416,-0.003253061,100.20
1983,Sep,"1,237.04",9,1046.86,1.181665261,0.065454845,100.70
1983,Oct,"1,252.20",10,998.61,1.253947749,0.072282488,101.00
1983,Nov,"1,250.00",11,968.06,1.291242278,0.037294529,101.20
1983,Dec,"1,257.65",12,982.1,1.280569819,-0.01067246,101.30
1984,Jan,"1,258.89",1,932.93,1.349394356,0.068824537,101.90
1984,Feb,"1,164.45",2,967.97,1.202981497,-0.146412858,102.40
1984,Mar,"1,161.98",3,984.93,1.179756199,-0.023225299,102.60
1984,Apr,"1,152.72",4,947.32,1.216822193,0.037065994,103.10
1984,May,"1,143.42",5,936.97,1.220340808,0.003518615,103.40
1984,Jun,"1,121.14",6,932.19,1.202692686,-0.017648122,103.70
1984,Jul,"1,113.29",7,854.07,1.303506404,0.100813717,104.10
1984,Aug,"1,212.82",8,853.15,1.421580893,0.11807449,104.50
1984,Sep,"1,213.52",9,833.02,1.456766692,0.035185798,105.00
1984,Oct,"1,199.30",10,827.71,1.44893743,-0.007829262,105.30
1984,Nov,"1,211.31",11,830.53,1.458477748,0.009540318,105.30
1984,Dec,"1,188.96",12,778.13,1.527970905,0.069493157,105.30
1985,Jan,"1,238.16",1,734.47,1.685791981,0.157821077,105.50
1985,Feb,"1,283.23",2,721.64,1.778208408,0.092416427,106.00
1985,Mar,"1,268.84",3,733.77,1.729210593,-0.048997815,106.40
1985,Apr,"1,266.38",4,779.49,1.624621471,-0.104589122,106.90
1985,May,"1,279.41",5,756.12,1.692071485,0.067450014,107.30
1985,Jun,"1,314.00",6,753.96,1.742798026,0.050726542,107.60
1985,Jul,"1,343.17",7,755.3,1.778330104,0.035532077,107.80
1985,Aug,"1,326.19",8,783.35,1.692967848,-0.085362256,108.00
1985,Sep,"1,317.95",9,764,1.725062001,0.032094153,108.30
1985,Oct,"1,351.58",10,768.73,1.758196325,0.033134324,108.70
1985,Nov,"1,432.89",11,764.87,1.873370638,0.115174313,109.00
1985,Dec,"1,517.02",12,754.5,2.010628294,0.137257656,109.30
1986,Jan,"1,534.85",1,808.94,1.897359508,-0.113268786,109.60
1986,Feb,"1,652.74",2,794.36,2.080589207,0.183229699,109.30
1986,Mar,"1,757.36",3,814.67,2.157143383,0.076554177,108.80
1986,Apr,"1,807.06",4,804.42,2.246412435,0.089269052,108.60
1986,May,"1,801.81",5,806.22,2.234885669,-0.011526766,108.90
1986,Jun,"1,867.71",6,802.14,2.328408412,0.093522744,109.50
1986,Jul,"1,809.92",7,816.26,2.217330485,-0.111077927,109.50
1986,Aug,"1,843.45",8,881.89,2.090342765,-0.12698772,109.70
1986,Sep,"1,813.48",9,972.8,1.864186834,-0.226155931,110.20
1986,Oct,"1,817.06",10,983.35,1.847822771,-0.016364063,110.30
1986,Nov,"1,883.65",11,923.44,2.039821354,0.191998584,110.40
1986,Dec,"1,924.09",12,906.66,2.122169682,0.082348327,110.50
1987,Jan,"2,065.13",1,941.52,2.193398517,0.071228835,111.20
1987,Feb,"2,202.34",2,921.14,2.390887493,0.197488976,111.60
1987,Mar,"2,292.61",3,935.93,2.449556736,0.058669244,112.10
1987,Apr,"2,302.66",4,999.36,2.304131787,-0.145424949,112.70
1987,May,"2,291.12",5,1042.71,2.19727441,-0.106857377,113.10
1987,Jun,"2,384.02",6,1015.78,2.346982793,0.149708383,113.50
1987,Jul,"2,481.73",7,1016.42,2.441635616,0.094652823,113.80
1987,Aug,"2,655.02",8,1032.34,2.571850175,0.130214559,114.40
1987,Sep,"2,570.81",9,1025.85,2.506028682,-0.065821492,115.00
1987,Oct,"2,224.58",10,1035.69,2.147922465,-0.358106217,115.30
1987,Nov,"1,931.88",11,1039.92,1.857715017,-0.290207449,115.40
1987,Dec,"1,910.07",12,1081.54,1.766067577,-0.091647439,115.40
1988,Jan,"1,947.35",1,1054.57,1.846577278,0.080509701,115.70
1988,Feb,"1,980.65",2,975.76,2.029853653,0.183276375,116.00
1988,Mar,"2,044.32",3,976.43,2.093665077,0.063811425,116.50
1988,Apr,"2,036.14",4,988.6,2.059614607,-0.034050471,117.10
1988,May,"1,988.91",5,984.39,2.020453566,-0.039161041,117.50
1988,Jun,"2,104.95",6,979.76,2.14843431,0.127980745,118.00
1988,Jul,"2,104.23",7,946.88,2.222277374,0.073843064,118.50
1988,Aug,"2,051.28",8,929.19,2.207602975,-0.014674399,119.00
1988,Sep,"2,080.07",9,881.72,2.359101151,0.151498175,119.80
1988,Oct,"2,144.33",10,868.43,2.469206883,0.110105732,120.20
1988,Nov,"2,099.04",11,896.04,2.342571866,-0.126635016,120.30
1988,Dec,"2,148.59",12,891.46,2.410192803,0.067620937,120.50
1989,Jan,"2,234.68",1,854.36,2.61561425,0.205421447,121.10
1989,Feb,"2,304.31",2,816.96,2.820585173,0.204970923,121.60
1989,Mar,"2,283.10",3,817.48,2.792851201,-0.027733972,122.30
1989,Apr,"2,348.92",4,800.64,2.933802958,0.140951756,123.10
1989,May,"2,439.57",5,767.55,3.178383404,0.244580446,123.80
1989,Jun,"2,494.89",6,760.08,3.28240568,0.104022276,124.10
1989,Jul,"2,554.04",7,772.69,3.305387672,0.022981992,124.40
1989,Aug,"2,691.12",8,751.48,3.581089838,0.275702166,124.60
1989,Sep,"2,693.41",9,742.28,3.628563345,0.047473508,125.00
1989,Oct,"2,692.01",10,749.11,3.593609872,-0.034953474,125.60
1989,Nov,"2,642.50",11,804.61,3.284199799,-0.309410073,125.90
1989,Dec,"2,728.47",12,832.01,3.279365633,-0.004834166,126.10
1990,Jan,"2,679.24",1,825.91,3.243981019,-0.035384613,127.40
1990,Feb,"2,614.19",2,834.41,3.132979559,-0.11100146,128.00
1990,Mar,"2,700.13",3,781.28,3.456036015,0.323056457,128.70
1990,Apr,"2,708.27",4,744.46,3.637898611,0.181862596,128.90
1990,May,"2,793.82",5,732.2,3.815655186,0.177756575,129.20
1990,Jun,"2,894.84",6,695.22,4.163916595,0.348261409,129.90
1990,Jul,"2,934.23",7,713.36,4.113250773,-0.050665822,130.40
1990,Aug,"2,681.89",8,770.38,3.481257697,-0.631993076,131.60
1990,Sep,"2,550.69",9,751.2,3.395493526,-0.085764171,132.70
1990,Oct,"2,460.54",10,730.73,3.367234314,-0.028259212,133.50
1990,Nov,"2,518.58",11,731.39,3.44355399,0.076319675,133.80
1990,Dec,"2,610.92",12,723.65,3.607987287,0.164433297,133.80
1991,Jan,"2,587.60",1,729.69,3.546169669,-0.061817618,134.60
1991,Feb,"2,863.05",2,692.12,4.136634353,0.590464684,134.80
1991,Mar,"2,920.12",3,689.77,4.233469127,0.096834774,135.00
1991,Apr,"2,925.55",4,679.47,4.305641964,0.072172837,135.20
1991,May,"2,928.43",5,675.03,4.338217965,0.032576,135.60
1991,Jun,"2,968.14",6,691.55,4.292010701,-0.046207264,136.00
1991,Jul,"2,978.19",7,691.77,4.305168428,0.013157728,136.20
1991,Aug,"3,006.09",8,667.99,4.50020346,0.195035031,136.60
1991,Sep,"3,010.36",9,652.06,4.616684047,0.116480588,137.20
1991,Oct,"3,019.74",10,669.46,4.510708826,-0.105975222,137.40
1991,Nov,"2,986.13",11,670.74,4.451985866,-0.058722959,137.80
1991,Dec,"2,958.66",12,671.25,4.407682894,-0.044302972,137.90
1992,Jan,"3,227.06",1,658.44,4.901067813,0.493384919,138.10
1992,Feb,"3,257.27",2,654.4,4.977496461,0.076428648,138.60
1992,Mar,"3,247.42",3,633.67,5.124785341,0.14728888,139.30
1992,Apr,"3,294.10",4,621.87,5.297080158,0.172294817,139.50
1992,May,"3,376.79",5,618.78,5.457165713,0.160085555,139.70
1992,Jun,"3,337.79",6,623.62,5.352283296,-0.104882417,140.20
1992,Jul,"3,329.41",7,644.75,5.163876062,-0.188407234,140.50
1992,Aug,"3,307.46",8,623.66,5.303301707,0.139425646,140.90
1992,Sep,"3,293.93",9,627.46,5.249623197,-0.05367851,141.30
1992,Oct,"3,198.70",10,622.26,5.140455758,-0.109167439,141.80
1992,Nov,"3,238.49",11,604.87,5.354026485,0.213570727,142.00
1992,Dec,"3,303.15",12,605,5.459759579,0.105733094,141.90
1993,Jan,"3,277.73",1,591.63,5.540168687,0.080409107,142.60
1993,Feb,"3,367.26",2,590.12,5.706056217,0.16588753,143.10
1993,Mar,"3,440.73",3,589.5,5.836700225,0.130644008,143.60
1993,Apr,"3,423.62",4,608.56,5.625778575,-0.21092165,144.00
1993,May,"3,478.18",5,653.84,5.319611832,-0.306166743,144.20
1993,Jun,"3,513.81",6,660.55,5.319527116,-8.47158E-05,144.40
1993,Jul,"3,529.44",7,697.6,5.059400939,-0.260126177,144.40
1993,Aug,"3,597.03",8,669.38,5.373676862,0.314275923,144.80
1993,Sep,"3,592.29",9,627.16,5.727869246,0.354192383,145.10
1993,Oct,"3,625.81",10,641.34,5.653490385,-0.07437886,145.70
1993,Nov,"3,674.71",11,657.58,5.588231886,-0.065258499,145.80
1993,Dec,"3,744.10",12,674.42,5.551591805,-0.036640081,145.80
1994,Jan,"3,868.37",1,678.03,5.705303109,0.153711303,146.20
1994,Feb,"3,905.62",2,667.56,5.850591786,0.145288677,146.70
1994,Mar,"3,816.99",3,669.07,5.704920717,-0.145671069,147.20
1994,Apr,"3,661.49",4,656.11,5.58060306,-0.124317657,147.40
1994,May,"3,708.00",5,663.12,5.591740919,0.011137859,147.50
1994,Jun,"3,737.58",6,667.86,5.596355251,0.004614333,148.00
1994,Jul,"3,718.31",7,666.09,5.582286178,-0.014069074,148.40
1994,Aug,"3,797.48",8,654.67,5.800605815,0.218319637,149.00
1994,Sep,"3,880.60",9,672.23,5.772726597,-0.027879218,149.40
1994,Oct,"3,868.10",10,668.11,5.789615482,0.016888886,149.50
1994,Nov,"3,792.44",11,658.29,5.761051903,-0.02856358,149.70
1994,Dec,"3,770.30",12,649.67,5.803415214,0.042363311,149.70
1995,Jan,"3,872.46",1,645.62,5.998051338,0.194636124,150.30
1995,Feb,"3,953.73",2,639.89,6.178759343,0.180708005,150.90
1995,Mar,"4,062.78",3,647.54,6.274180141,0.095420799,151.40
1995,Apr,"4,230.67",4,659.82,6.411852355,0.137672214,151.90
1995,May,"4,391.58",5,648.79,6.768873245,0.35702089,152.20
1995,Jun,"4,510.77",6,651.52,6.923460104,0.154586859,152.50
1995,Jul,"4,684.78",7,649.19,7.216338822,0.292878718,152.50
1995,Aug,"4,639.27",8,643.6,7.208318696,-0.008020126,152.90
1995,Sep,"4,746.76",9,641.31,7.401654426,0.19333573,153.20
1995,Oct,"4,760.48",10,639.26,7.446856166,0.04520174,153.70
1995,Nov,"4,935.82",11,642.88,7.677675164,0.230818998,153.60
1995,Dec,"5,136.11",12,646.87,7.939933835,0.262258671,153.50
1996,Jan,"5,179.38",1,665.21,7.786078491,-0.153855345,154.40
1996,Feb,"5,518.74",2,669.5,8.243076923,0.456998432,154.90
1996,Mar,"5,612.25",3,652.46,8.60168038,0.358603457,155.70
1996,Apr,"5,579.86",4,644.18,8.661960795,0.060280414,156.30
1996,May,"5,616.71",5,641.64,8.753676658,0.091715863,156.60
1996,Jun,"5,671.52",6,629.93,9.00340514,0.249728482,156.70
1996,Jul,"5,496.27",7,626.39,8.774514571,-0.22889057,157.00
1996,Aug,"5,685.51",8,631.56,9.00232613,0.22781156,157.30
1996,Sep,"5,804.01",9,622.21,9.328056444,0.325730314,157.80
1996,Oct,"5,996.22",10,617.28,9.713934343,0.385877899,158.30
1996,Nov,"6,318.36",11,610.72,10.34574764,0.631813299,158.60
1996,Dec,"6,435.87",12,596.59,10.78776283,0.442015191,158.60
1997,Jan,"6,707.05",1,570.08,11.76509517,0.977332337,159.10
1997,Feb,"6,917.46",2,557.33,12.41178098,0.646685812,159.60
1997,Mar,"6,901.14",3,563.09,12.25582944,-0.155951541,160.00
1997,Apr,"6,657.51",4,550.77,12.08763929,-0.168190153,160.20
1997,May,"7,242.33",5,550.89,13.14659655,1.058957258,160.10
1997,Jun,"7,599.61",6,544.48,13.9575637,0.810967158,160.30
1997,Jul,"7,990.65",7,517.27,15.44774401,1.490180308,160.50
1997,Aug,"7,948.42",8,516.49,15.38930823,-0.058435779,160.80
1997,Sep,"7,866.59",9,514.07,15.30255746,-0.086750772,161.20
1997,Oct,"7,875.82",10,514.76,15.29998784,-0.002569624,161.60
1997,Nov,"7,677.35",11,485.21,15.82274197,0.522754133,161.50
1997,Dec,"7,909.82",12,458.86,17.23798703,1.415245056,161.30
1998,Jan,"7,808.36",1,458.88,17.01611532,-0.221871703,161.60
1998,Feb,"8,323.62",2,471.22,17.66396967,0.647854349,161.90
1998,Mar,"8,709.48",3,467.88,18.61476719,0.950797516,162.20
1998,Apr,"9,037.43",4,486.48,18.57719399,-0.037573198,162.50
1998,May,"9,080.09",5,471.08,19.27503821,0.697844218,162.80
1998,Jun,"8,872.96",6,459.82,19.29660223,0.021564018,163.00
1998,Jul,"9,097.15",7,460.1,19.77211476,0.47551253,163.20
1998,Aug,"8,478.54",8,445.77,19.01998361,-0.752131145,163.40
1998,Sep,"7,909.80",9,452.83,17.46748228,-1.552501335,163.60
1998,Oct,"8,164.47",10,462.54,17.6513874,0.18390512,164.00
1998,Nov,"9,005.78",11,459.79,19.5867135,1.935326101,164.00
1998,Dec,"9,018.68",12,456.19,19.76957368,0.182860183,163.90
1999,Jan,"9,345.86",1,447.83,20.86922082,1.099647133,164.30
1999,Feb,"9,322.94",2,447.95,20.81246145,-0.056759369,164.50
1999,Mar,"9,753.64",3,444.38,21.94887063,1.136409183,165.00
1999,Apr,"10,443.50",4,436.08,23.94858742,1.999716785,166.20
1999,May,"10,853.88",5,426.55,25.44572735,1.497139932,166.20
1999,Jun,"10,704.03",6,403.2,26.54768669,1.101959341,166.20
1999,Jul,"11,052.22",7,393.85,28.06200088,1.514314194,166.70
1999,Aug,"10,935.48",8,393.76,27.77194692,-0.290053965,167.10
1999,Sep,"10,714.03",9,404.26,26.50282821,-1.269118704,167.90
1999,Oct,"10,396.89",10,473.54,21.95567529,-4.547152924,168.20
1999,Nov,"10,809.79",11,446.51,24.20951485,2.253839563,168.30
1999,Dec,"11,246.37",12,431.12,26.08639864,1.876883789,168.30
2000,Jan,"11,281.27",1,431.88,26.12130684,0.034908204,168.80
2000,Feb,"10,541.92",2,452.79,23.28214183,-2.839165013,169.80
2000,Mar,"10,483.38",3,429.01,24.43620449,1.154062655,171.20
2000,Apr,"10,944.31",4,418.7,26.13877541,1.702570921,171.30
2000,May,"10,580.26",5,411.41,25.7170794,-0.421696007,171.50
2000,Jun,"10,582.98",6,424.88,24.90816658,-0.808912817,172.40
2000,Jul,"10,662.98",7,417.88,25.51684694,0.608680358,172.80
2000,Aug,"11,014.50",8,407.31,27.04204574,1.525198803,172.80
2000,Sep,"10,967.88",9,403.95,27.15156579,0.109520043,173.70
2000,Oct,"10,440.96",10,397.98,26.23488618,-0.916679613,174.00
2000,Nov,"10,666.07",11,391.83,27.22117099,0.986284814,174.10
2000,Dec,"10,652.42",12,400.12,26.62305058,-0.598120404,174.00
2001,Jan,"10,682.74",1,388.68,27.4846734,0.861622815,175.10
2001,Feb,"10,774.57",2,381.81,28.21971248,0.735039077,175.80
2001,Mar,"10,081.31",3,382.71,26.34190854,-1.877803935,176.20
2001,Apr,"10,234.50",4,377.44,27.11557466,0.773666119,176.90
2001,May,"11,004.95",5,393.02,28.00098075,0.88540609,177.70
2001,Jun,"10,767.19",6,388.54,27.71191052,-0.289070228,178.00
2001,Jul,"10,444.50",7,386.31,27.03657684,-0.67533368,177.50
2001,Aug,"10,314.68",8,393.33,26.2239949,-0.812581945,177.50
2001,Sep,"9,042.56",9,407.56,22.18707102,-4.036923873,178.30
2001,Oct,"9,220.75",10,408.46,22.57442802,0.387356997,177.70
2001,Nov,"9,721.82",11,399.05,24.36240953,1.787981511,177.40
2001,Dec,"9,979.87",12,400.26,24.93347699,0.571067458,176.70
2002,Jan,"9,923.80",1,407.63,24.34510755,-0.58836944,177.10
2002,Feb,"9,891.05",2,426.11,23.2124297,-1.132677846,177.80
2002,Mar,"10,500.95",3,421.68,24.90263944,1.690209739,178.80
2002,Apr,"10,165.18",4,431.62,23.55123088,-1.351408562,179.80
2002,May,"10,080.49",5,448.59,22.47148844,-1.079742439,179.80
2002,Jun,"9,492.44",6,457.68,20.74033386,-1.731154584,179.90
2002,Jul,"8,616.52",7,446.12,19.314361,-1.425972862,180.10
2002,Aug,"8,685.47",8,440.24,19.7289526,0.414591601,180.70
2002,Sep,"8,160.78",9,452.22,18.04603069,-1.682921903,181.00
2002,Oct,"8,048.12",10,447.62,17.97980818,-0.066222509,181.30
2002,Nov,"8,625.72",11,451.16,19.11899215,1.13918397,181.30
2002,Dec,"8,526.69",12,470.33,18.12916969,-0.989822462,180.90
2003,Jan,"8,474.59",1,503.53,16.83034916,-1.298820528,181.70
2003,Feb,"7,916.18",2,502.56,15.75171857,-1.078630594,183.10
2003,Mar,"7,977.72",3,474.05,16.8288537,1.077135128,184.20
2003,Apr,"8,332.09",4,457.81,18.19987809,1.371024397,183.80
2003,May,"8,623.41",5,496.88,17.35512551,-0.844752588,183.50
2003,Jun,"9,098.07",6,497.46,18.28905411,0.933928602,183.70
2003,Jul,"9,154.39",7,489.28,18.70992999,0.420875881,183.90
2003,Aug,"9,284.78",8,499.72,18.57996192,-0.129968068,184.60
2003,Sep,"9,492.54",9,524.47,18.0992948,-0.480667123,185.20
2003,Oct,"9,682.46",10,525.18,18.4364574,0.337162599,185.00
2003,Nov,"9,762.20",11,541.97,18.01243708,-0.424020313,184.50
2003,Dec,"10,124.67",12,564.9,17.92293568,-0.089501407,184.30
2004,Jan,"10,540.05",1,572.69,18.40445966,0.481523979,185.20
2004,Feb,"10,601.48",2,557.62,19.0120229,0.607563247,186.20
2004,Mar,"10,323.73",3,556.32,18.5571801,-0.454842799,187.40
2004,Apr,"10,418.41",4,550.05,18.94084953,0.38366943,188.00
2004,May,"10,083.81",5,520.41,19.37667032,0.435820784,189.10
2004,Jun,"10,364.90",6,530.63,19.53319639,0.156526072,189.70
2004,Jul,"10,152.09",7,539.01,18.83469253,-0.698503862,189.40
2004,Aug,"10,032.79",8,541.89,18.51444439,-0.320248133,189.50
2004,Sep,"10,204.68",9,547.13,18.65129468,0.136850284,189.90
2004,Oct,"10,001.60",10,564.68,17.71198184,-0.939312839,190.90
2004,Nov,"10,411.75",11,589.65,17.65750465,-0.054477185,191.00
2004,Dec,"10,673.38",12,595.48,17.92398951,0.266484855,190.30
2005,Jan,"10,539.52",1,569.9,18.49362169,0.569632179,190.70
2005,Feb,"10,723.81",2,566.02,18.94599224,0.45237055,191.80
2005,Mar,"10,682.10",3,575.91,18.54820277,-0.397789472,193.30
2005,Apr,"10,283.19",4,565.73,18.17684357,-0.371359193,194.60
2005,May,"10,377.18",5,556.45,18.64890098,0.472057411,194.40
2005,Jun,"10,486.69",6,567.61,18.47516941,-0.173731573,194.50
2005,Jul,"10,545.38",7,556.92,18.9351792,0.460009789,195.40
2005,Aug,"10,554.27",8,571.5,18.46766328,-0.467515919,196.40
2005,Sep,"10,532.53",9,588.3,17.9033373,-0.564325982,198.80
2005,Oct,"10,324.32",10,604.76,17.0717703,-0.831566995,199.20
2005,Nov,"10,695.25",11,618.72,17.28608679,0.214316486,197.60
2005,Dec,"10,827.79",12,664.66,16.29072078,-0.995366007,196.80
2006,Jan,"10,872.49",1,710.97,15.29247366,-0.998247121,198.30
2006,Feb,"10,971.18",2,715.95,15.32394573,0.03147207,198.70
2006,Mar,"11,144.44",3,714.75,15.59208601,0.268140281,199.80
2006,Apr,"11,234.67",4,776.75,14.46368641,-1.128399601,201.50
2006,May,"11,333.87",5,855.04,13.25537136,-1.208315053,202.50
2006,Jun,"10,997.95",6,753.53,14.59524444,1.339873084,202.90
2006,Jul,"11,032.52",7,798.47,13.81707516,-0.778169287,203.50
2006,Aug,"11,257.35",8,794.84,14.16303637,0.345961211,203.90
2006,Sep,"11,533.60",9,755.95,15.25709372,1.094057356,202.90
2006,Oct,"11,963.11",10,744.53,16.06800141,0.810907688,201.80
2006,Nov,"12,185.14",11,798.6,15.2581303,-0.809871112,201.50
2006,Dec,"12,377.62",12,799.99,15.47221215,0.214081853,201.80
2007,Jan,"12,512.90",1,799.69,15.64718203,0.17496988,202.40
2007,Feb,"12,631.46",2,837.59,15.08072345,-0.566458579,203.50
2007,Mar,"12,268.54",3,817.97,14.99876079,-0.081962664,205.40
2007,Apr,"12,754.79",4,842.42,15.14065431,0.141893515,206.70
2007,May,"13,407.75",5,822.31,16.30498783,1.164333528,207.90
2007,Jun,"13,480.20",6,806.91,16.70595824,0.400970404,208.40
2007,Jul,"13,677.90",7,818.98,16.70113463,-0.00482361,208.30
2007,Aug,"13,239.71",8,820.45,16.13713047,-0.564004157,207.90
2007,Sep,"13,557.68",9,876.56,15.46692093,-0.670209542,208.50
2007,Oct,"13,901.27",10,925.89,15.01394898,-0.452971954,208.90
2007,Nov,"13,200.56",11,983.63,13.42025142,-1.593697555,210.20
2007,Dec,"13,407.00",12,980.71,13.67070286,0.250451438,210.00
2008,Jan,"12,538.13",1,1080.86,11.60014556,-2.070557295,211.10
2008,Feb,"12,419.56",2,1116.91,11.11957096,-0.480574604,211.70
2008,Mar,"12,193.88",3,1163.08,10.48412835,-0.63544261,213.50
2008,Apr,"12,656.63",4,1085.27,11.66219215,1.178063799,214.80
2008,May,"12,812.48",5,1054.36,12.15189896,0.489706815,216.60
2008,Jun,"12,056.66",6,1089.96,11.06156364,-1.090335323,218.80
2008,Jul,"11,322.37",7,1072.72,10.55482156,-0.506742082,219.96
2008,Aug,"11,530.74",8,976.95,11.80279246,1.247970903,219.09
2008,Sep,"11,114.09",9,1041.32,10.67307428,-1.129718177,218.78
2008,Oct,"9,176.71",10,865.21,10.60634337,-0.066730914,216.57
2008,Nov,"8,614.55",11,983.1,8.762642875,-1.843700496,212.43
2008,Dec,"8,595.56",12,1061.1,8.100610002,-0.662032873,210.23
2009,Jan,"8,396.20",1,1116.27,7.521658291,-0.578951711,211.14
2009,Feb,"7,690.49",2,1150.02,6.687268139,-0.834390152,212.19
2009,Mar,"7,235.48",3,1081.79,6.688430539,0.0011624,212.71
2009,Apr,"7,992.12",4,1061.67,7.527877239,0.8394467,213.24
2009,May,"8,398.37",5,1169.62,7.180424839,-0.3474524,213.86
2009,Jun,"8,593.00",6,1111.12,7.733635267,0.553210428,215.69
2009,Jul,"8,679.75",7,1118.35,7.761207054,0.027571787,215.35
2009,Aug,"9,375.06",8,1135.13,8.259020469,0.497813415,215.83
2009,Sep,"9,634.97",9,1205.7,7.991184335,-0.267836134,215.97
2009,Oct,"9,857.34",10,1233.44,7.991750345,0.00056601,216.18
2009,Nov,"10,227.56",11,1393.26,7.340740063,-0.651010282,216.33
2009,Dec,"10,433.44",12,1290.86,8.082546801,0.741806738,215.95
2010,Jan,"10,471.25",1,1275.87,8.207146991,0.12460019,216.69
2010,Feb,"10,214.49",2,1311.06,7.791019641,-0.41612735,216.74
2010,Mar,"10,677.53",3,1314.06,8.125600115,0.334580474,217.63
2010,Apr,"11,052.15",4,1386.8,7.969532463,-0.156067652,218.01
2010,May,"10,500.20",5,1418.81,7.400707283,-0.56882518,218.18
2010,Jun,"10,159.26",6,1451.77,6.997846829,-0.402860454,217.97
2010,Jul,"10,222.24",7,1374.74,7.435762052,0.437915223,218.01
2010,Aug,"10,350.40",8,1449.89,7.138747203,-0.29701485,218.31
2010,Sep,"10,598.07",9,1519.16,6.976267273,-0.16247993,218.44
2010,Oct,"11,044.49",10,1578.39,6.997310701,0.021043428,218.71
2010,Nov,"11,198.31",11,1621.46,6.906314591,-0.09099611,218.80
2010,Dec,"11,465.26",12,1644.44,6.972134753,0.065820161,219.18
2011,Jan,"11,802.37",1,1544.63,7.640904618,0.668769865,220.22
2011,Feb,"12,190.00",2,1635.35,7.454062143,-0.186842474,221.31
2011,Mar,"12,081.48",3,1650.53,7.319755789,-0.134306355,223.47
2011,Apr,"12,434.88",4,1750.47,7.103735854,-0.216019935,224.91
2011,May,"12,579.99",5,1739.96,7.23004716,0.126311307,225.96
2011,Jun,"12,097.31",6,1708.83,7.079293754,-0.150753406,225.72
2011,Jul,"12,512.33",7,1831.32,6.832408044,-0.246885709,225.92
2011,Aug,"11,326.62",8,2065.9,5.482655417,-1.349752627,226.55
2011,Sep,"11,175.45",9,1830.6,6.104803785,0.622148368,226.89
2011,Oct,"11,515.93",10,1949.3,5.907726339,-0.197077447,226.42
2011,Nov,"11,804.33",11,1978.22,5.967148678,0.059422339,226.23
2011,Dec,"12,075.68",12,1739.22,6.94316007,0.976011392,225.67
2012,Jan,"12,550.89",1,1972.46,6.363065411,-0.580094659,226.66
2012,Feb,"12,889.05",2,1993.02,6.467094911,0.104029501,227.66
2012,Mar,"13,079.47",3,1858.68,7.036964405,0.569869494,229.39
2012,Apr,"13,030.75",4,1839.49,7.083894993,0.046930588,230.09
2012,May,"12,721.08",5,1738.73,7.316308194,0.232413201,229.82
2012,Jun,"12,544.90",6,1785.52,7.025911086,-0.290397108,229.48
2012,Jul,"12,814.10",7,1815.02,7.060033446,0.03412236,229.10
2012,Aug,"13,134.90",8,1834.78,7.158843354,0.098809908,230.38
2012,Sep,"13,418.50",9,1967.81,6.819001032,-0.339842322,231.41
2012,Oct,"13,380.65",10,1904.65,7.025251484,0.206250451,231.32
2012,Nov,"12,896.44",11,1922.76,6.707255394,-0.31799609,230.22
2012,Dec,"13,144.18",12,1851.43,7.099475811,0.392220417,229.60
2013,Jan,"13,615.32",1,1852.87,7.348234284,0.248758473,230.28
2013,Feb,"13,967.33",2,1753.7,7.964492216,0.616257933,232.17
2013,Mar,"14,418.26",3,1759.67,8.19372837,0.229236153,232.77
2013,Apr,"14,675.91",4,1620.31,9.057469923,0.863741553,232.53
2013,May,"15,172.18",5,1535.34,9.881967808,0.824497885,232.95
2013,Jun,"15,035.75",6,1308.82,11.48802318,1.606055373,233.50
2013,Jul,"15,390.21",7,1443.32,10.6630625,-0.824960684,233.60
2013,Aug,"15,195.35",8,1528.65,9.940370737,-0.72269176,233.88
2013,Sep,"15,269.84",9,1452.52,10.51265456,0.572283822,234.15
2013,Oct,"15,289.29",10,1453.75,10.51713933,0.004484773,233.55
2013,Nov,"15,870.83",11,1378.3,11.51478488,0.997645548,233.07
2013,Dec,"16,095.77",12,1324.95,12.14821296,0.63342808,233.05
2014,Jan,"16,243.72",1,1371.1,11.8472193,-0.300993661,233.92
2014,Feb,"15,958.44",2,1448.54,11.01691576,-0.830303537,234.78
2014,Mar,"16,308.63",3,1401.55,11.63613686,0.6192211,236.29
2014,Apr,"16,401.59",4,1392.87,11.77539421,0.139257348,237.07
2014,May,"16,566.30",5,1348.04,12.28917504,0.513780832,237.90
2014,Jun,"16,840.81",6,1414.94,11.90213854,-0.387036503,238.34
2014,Jul,"16,987.14",7,1382.93,12.28344036,0.381301824,238.25
2014,Aug,"16,776.02",8,1386.04,12.10356226,-0.179878108,237.85
2014,Sep,"17,097.52",9,1310.17,13.04985176,0.946289509,238.03
2014,Oct,"16,701.87",10,1257.39,13.28296744,0.23311568,237.43
2014,Nov,"17,648.98",11,1284.47,13.74027994,0.457312491,236.15
2014,Dec,"17,754.24",12,1316.95,13.48133221,-0.258947725,234.81
2015,Jan,"17,542.26",1,1382.49,12.68888383,-0.792448385,233.71
2015,Feb,"17,945.41",2,1325.69,13.53665797,0.847774145,234.72
2015,Mar,"17,931.75",3,1289.08,13.91049818,0.373840214,236.12
2015,Apr,"17,970.51",4,1279.39,14.04615741,0.135659229,236.60
2015,May,"18,124.71",5,1284.33,14.11219313,0.066035714,237.81
2015,Jun,"17,927.22",6,1257.65,14.2545375,0.142344375,238.64
2015,Jul,"17,795.02",7,1179.68,15.08461347,0.830075967,238.65
2015,Aug,"17,061.59",8,1221.26,13.97048404,-1.114129434,238.32
2015,Sep,"16,339.95",9,1200.89,13.60653349,-0.363950548,237.95
2015,Oct,"17,182.28",10,1231.45,13.95288666,0.346353168,237.84
2015,Nov,"17,723.77",11,1146.85,15.45430396,1.501417307,237.34
2015,Dec,"17,542.86",12,1159.07,15.13528519,-0.319018777,236.53
2016,Jan,"16,305.25",1,1206.11,13.51887648,-1.616408711,236.92
2016,Feb,"16,299.90",2,1212.88,13.43900345,-0.079873029,237.11
2016,Mar,"17,302.14",3,1335.48,12.95574829,-0.483255156,238.13
2016,Apr,"17,844.37",4,1319.47,13.52388892,0.56814063,239.26
2016,May,"17,692.32",5,1299.07,13.6192199,0.095330983,240.24
2016,Jun,"17,754.87",6,1405.12,12.63583731,-0.983382589,241.04
2016,Jul,"18,341.18",7,1445.74,12.68636304,0.050525725,240.65
2016,Aug,"18,495.19",8,1396.64,13.24263045,0.556267411,240.85
2016,Sep,"18,267.40",9,1398.76,13.05971207,-0.182918378,241.43
2016,Oct,"18,184.55",10,1350.76,13.4624557,0.402743632,241.73
2016,Nov,"18,697.33",11,1246.68,14.99769521,1.535239508,241.35
2016,Dec,"19,712.42",12,1223.11,16.11664021,1.118945,241.43
2017,Jan,"19,908.15",1,1279.24,15.56248437,-0.554155846,242.84
2017,Feb,"20,424.15",2,1319.1,15.48339498,-0.079089387,243.60
2017,Mar,"20,823.06",3,1316.26,15.81986676,0.336471785,243.80
2017,Apr,"20,684.69",4,1330.45,15.54714096,-0.272725808,244.52
2017,May,"20,936.81",5,1336.62,15.66399677,0.116855815,244.73
2017,Jun,"21,317.80",6,1300.69,16.3896051,0.725608327,244.96
2017,Jul,"21,581.25",7,1333.25,16.18694993,-0.202655163,244.79
2017,Aug,"21,914.08",8,1380.38,15.87539443,-0.311555509,245.52
2017,Sep,"22,173.41",9,1334.91,16.61041868,0.735024255,246.82
2017,Oct,"23,036.24",10,1320.05,17.45103388,0.8406152,246.66
2017,Nov,"23,557.93",11,1332.15,17.68414182,0.233107939,246.67
2017,Dec,"24,545.38",12,1348.36,18.20388027,0.519738451,246.52
2018,Jan,"25,804.02",1,1389.02,18.577139,0.373258734,247.87
2018,Feb,"24,981.55",2,1359.91,18.36999894,-0.20714006,248.99
2018,Mar,"24,582.17",3,1359.65,18.07977823,-0.290220709,249.55
2018,Apr,"24,304.21",4,1346.52,18.04964862,-0.030129616,250.55
2018,May,"24,572.53",5,1328.27,18.49965163,0.450003014,251.59
2018,Jun,"24,790.11",6,1271.81,19.49199023,0.992338599,251.99
2018,Jul,"24,978.23",7,1239.93,20.14487223,0.652882003,252.01
2018,Aug,"25,629.99",8,1227.37,20.88203904,0.73716681,252.15
2018,Sep,"26,232.67",9,1202.44,21.81619698,0.934157935,252.44
2018,Oct,"25,609.34",10,1234.75,20.74050758,-1.075689395,252.89
2018,Nov,"25,258.68",11,1241.2,20.35020564,-0.390301946,252.04
2018,Dec,"23,805.55",12,1308.56,18.19216946,-2.158036182,251.23
2019,Jan,"24,157.80",1,1347.63,17.92613346,-0.266035993,251.71
2019,Feb,"25,605.53",2,1344.01,19.05158953,1.125456066,252.78
2019,Mar,"25,722.62",3,1302.77,19.7445604,0.692970872,254.20
2019,Apr,"26,401.58",4,1289.01,20.48205766,0.737497259,255.55
2019,May,"25,744.79",5,1297.3,19.8448999,-0.637157762,256.09
2019,Jun,"26,160.10",6,1414.61,18.49280084,-1.352099054,256.14
2019,Jul,"27,089.19",7,1429.12,18.95515199,0.462351152,256.57
2019,Aug,"26,058.23",8,1525.02,17.08713656,-1.868015432,256.56
2019,Sep,"26,900.21",9,1486.11,18.10109211,1.013955551,256.76
2019,Oct,"26,736.80",10,1500.37,17.82013509,-0.280957022,257.35
2019,Nov,"27,797.05",11,1451.98,19.14423477,1.324099678,257.21
2019,Dec,"28,167.01",12,1519.95,18.5315344,-0.612700367,256.97
2020,Jan,"28,879.99",1,1571.36,18.37898017,-0.152554228,257.97
2020,Feb,"28,519.73",2,1611.71,17.69532458,-0.683655594,258.68
2020,Mar,"22,637.42",3,1593.42,14.20681359,-3.488510991,258.12
2020,Apr,"23,293.90",4,1716.75,13.56860347,-0.638210123,256.39
2020,May,"24,146.48",5,1725.65,13.9926881,0.424084636,0.00
,,,,1709.55,,,
