,date,nominal_price_USD
0,1915-01,19.25
1,1915-02,19.25
2,1915-03,19.25
3,1915-04,19.25
4,1915-05,19.25
5,1915-06,19.25
6,1915-07,19.25
7,1915-08,19.25
8,1915-09,19.25
9,1915-10,19.25
10,1915-11,19.25
11,1915-12,19.25
12,1916-01,19.47
13,1916-02,19.47
14,1916-03,19.47
15,1916-04,19.47
16,1916-05,19.47
17,1916-06,19.47
18,1916-07,19.47
19,1916-08,19.47
20,1916-09,19.47
21,1916-10,19.47
22,1916-11,19.47
23,1916-12,19.47
24,1917-01,19.66
25,1917-02,19.66
26,1917-03,19.66
27,1917-04,19.66
28,1917-05,19.66
29,1917-06,19.66
30,1917-07,19.66
31,1917-08,19.66
32,1917-09,19.66
33,1917-10,19.66
34,1917-11,19.66
35,1917-12,19.66
36,1918-01,19.84
37,1918-02,19.84
38,1918-03,19.84
39,1918-04,19.84
40,1918-05,19.84
41,1918-06,19.84
42,1918-07,19.84
43,1918-08,19.84
44,1918-09,19.84
45,1918-10,19.84
46,1918-11,19.84
47,1918-12,19.84
48,1919-01,20.03
49,1919-02,20.03
50,1919-03,20.03
51,1919-04,20.03
52,1919-05,20.03
53,1919-06,20.03
54,1919-07,20.03
55,1919-08,20.03
56,1919-09,20.03
57,1919-10,20.03
58,1919-11,20.03
59,1919-12,20.03
60,1920-01,20.63
61,1920-02,20.63
62,1920-03,20.63
63,1920-04,20.63
64,1920-05,20.63
65,1920-06,20.63
66,1920-07,20.63
67,1920-08,20.63
68,1920-09,20.63
69,1920-10,20.63
70,1920-11,20.63
71,1920-12,20.63
72,1921-01,20.69
73,1921-02,20.69
74,1921-03,20.69
75,1921-04,20.69
76,1921-05,20.69
77,1921-06,20.69
78,1921-07,20.69
79,1921-08,20.69
80,1921-09,20.69
81,1921-10,20.69
82,1921-11,20.69
83,1921-12,20.69
84,1922-01,20.84
85,1922-02,20.84
86,1922-03,20.84
87,1922-04,20.84
88,1922-05,20.84
89,1922-06,20.84
90,1922-07,20.84
91,1922-08,20.84
92,1922-09,20.84
93,1922-10,20.84
94,1922-11,20.84
95,1922-12,20.84
96,1923-01,20.75
97,1923-02,20.75
98,1923-03,20.75
99,1923-04,20.75
100,1923-05,20.75
101,1923-06,20.75
102,1923-07,20.75
103,1923-08,20.75
104,1923-09,20.75
105,1923-10,20.75
106,1923-11,20.75
107,1923-12,20.75
108,1924-01,20.78
109,1924-02,20.78
110,1924-03,20.78
111,1924-04,20.78
112,1924-05,20.78
113,1924-06,20.78
114,1924-07,20.78
115,1924-08,20.78
116,1924-09,20.78
117,1924-10,20.78
118,1924-11,20.78
119,1924-12,20.78
120,1925-01,20.75
121,1925-02,20.75
122,1925-03,20.75
123,1925-04,20.75
124,1925-05,20.75
125,1925-06,20.75
126,1925-07,20.75
127,1925-08,20.75
128,1925-09,20.75
129,1925-10,20.75
130,1925-11,20.75
131,1925-12,20.75
132,1926-01,20.72
133,1926-02,20.72
134,1926-03,20.72
135,1926-04,20.72
136,1926-05,20.72
137,1926-06,20.72
138,1926-07,20.72
139,1926-08,20.72
140,1926-09,20.72
141,1926-10,20.72
142,1926-11,20.72
143,1926-12,20.72
144,1927-01,20.75
145,1927-02,20.75
146,1927-03,20.75
147,1927-04,20.75
148,1927-05,20.75
149,1927-06,20.75
150,1927-07,20.75
151,1927-08,20.75
152,1927-09,20.75
153,1927-10,20.75
154,1927-11,20.75
155,1927-12,20.75
156,1928-01,20.78
157,1928-02,20.78
158,1928-03,20.78
159,1928-04,20.78
160,1928-05,20.78
161,1928-06,20.78
162,1928-07,20.78
163,1928-08,20.78
164,1928-09,20.78
165,1928-10,20.78
166,1928-11,20.78
167,1928-12,20.78
168,1929-01,20.72
169,1929-02,20.72
170,1929-03,20.72
171,1929-04,20.72
172,1929-05,20.72
173,1929-06,20.72
174,1929-07,20.72
175,1929-08,20.72
176,1929-09,20.72
177,1929-10,20.72
178,1929-11,20.72
179,1929-12,20.72
180,1930-01,20.69
181,1930-02,20.69
182,1930-03,20.69
183,1930-04,20.69
184,1930-05,20.69
185,1930-06,20.69
186,1930-07,20.69
187,1930-08,20.69
188,1930-09,20.69
189,1930-10,20.69
190,1930-11,20.69
191,1930-12,20.69
192,1931-01,22.59
193,1931-02,22.59
194,1931-03,22.59
195,1931-04,22.59
196,1931-05,22.59
197,1931-06,22.59
198,1931-07,22.59
199,1931-08,22.59
200,1931-09,22.59
201,1931-10,22.59
202,1931-11,22.59
203,1931-12,22.59
204,1932-01,20.78
205,1932-02,20.78
206,1932-03,20.78
207,1932-04,20.78
208,1932-05,20.78
209,1932-06,20.78
210,1932-07,20.78
211,1932-08,20.78
212,1932-09,20.78
213,1932-10,20.78
214,1932-11,20.78
215,1932-12,20.78
216,1933-01,26.47
217,1933-02,26.47
218,1933-03,26.47
219,1933-04,26.47
220,1933-05,26.47
221,1933-06,26.47
222,1933-07,26.47
223,1933-08,26.47
224,1933-09,26.47
225,1933-10,26.47
226,1933-11,26.47
227,1933-12,26.47
228,1934-01,35.0
229,1934-02,35.0
230,1934-03,35.0
231,1934-04,35.0
232,1934-05,35.0
233,1934-06,35.0
234,1934-07,35.0
235,1934-08,35.0
236,1934-09,35.0
237,1934-10,35.0
238,1934-11,35.0
239,1934-12,35.0
240,1935-01,35.0
241,1935-02,35.0
242,1935-03,35.0
243,1935-04,35.0
244,1935-05,35.0
245,1935-06,35.0
246,1935-07,35.0
247,1935-08,35.0
248,1935-09,35.0
249,1935-10,35.0
250,1935-11,35.0
251,1935-12,35.0
252,1936-01,35.0
253,1936-02,35.0
254,1936-03,35.0
255,1936-04,35.0
256,1936-05,35.0
257,1936-06,35.0
258,1936-07,35.0
259,1936-08,35.0
260,1936-09,35.0
261,1936-10,35.0
262,1936-11,35.0
263,1936-12,35.0
264,1937-01,35.0
265,1937-02,35.0
266,1937-03,35.0
267,1937-04,35.0
268,1937-05,35.0
269,1937-06,35.0
270,1937-07,35.0
271,1937-08,35.0
272,1937-09,35.0
273,1937-10,35.0
274,1937-11,35.0
275,1937-12,35.0
276,1938-01,35.0
277,1938-02,35.0
278,1938-03,35.0
279,1938-04,35.0
280,1938-05,35.0
281,1938-06,35.0
282,1938-07,35.0
283,1938-08,35.0
284,1938-09,35.0
285,1938-10,35.0
286,1938-11,35.0
287,1938-12,35.0
288,1939-01,34.69
289,1939-02,34.69
290,1939-03,34.69
291,1939-04,34.69
292,1939-05,34.69
293,1939-06,34.69
294,1939-07,34.69
295,1939-08,34.69
296,1939-09,34.69
297,1939-10,34.69
298,1939-11,34.69
299,1939-12,34.69
300,1940-01,34.06
301,1940-02,34.06
302,1940-03,34.06
303,1940-04,34.06
304,1940-05,34.06
305,1940-06,34.06
306,1940-07,34.06
307,1940-08,34.06
308,1940-09,34.06
309,1940-10,34.06
310,1940-11,34.06
311,1940-12,34.06
312,1941-01,34.06
313,1941-02,34.06
314,1941-03,34.06
315,1941-04,34.06
316,1941-05,34.06
317,1941-06,34.06
318,1941-07,34.06
319,1941-08,34.06
320,1941-09,34.06
321,1941-10,34.06
322,1941-11,34.06
323,1941-12,34.06
324,1942-01,34.06
325,1942-02,34.06
326,1942-03,34.06
327,1942-04,34.06
328,1942-05,34.06
329,1942-06,34.06
330,1942-07,34.06
331,1942-08,34.06
332,1942-09,34.06
333,1942-10,34.06
334,1942-11,34.06
335,1942-12,34.06
336,1943-01,34.06
337,1943-02,34.06
338,1943-03,34.06
339,1943-04,34.06
340,1943-05,34.06
341,1943-06,34.06
342,1943-07,34.06
343,1943-08,34.06
344,1943-09,34.06
345,1943-10,34.06
346,1943-11,34.06
347,1943-12,34.06
348,1944-01,34.06
349,1944-02,34.06
350,1944-03,34.06
351,1944-04,34.06
352,1944-05,34.06
353,1944-06,34.06
354,1944-07,34.06
355,1944-08,34.06
356,1944-09,34.06
357,1944-10,34.06
358,1944-11,34.06
359,1944-12,34.06
360,1945-01,35.0
361,1945-02,35.0
362,1945-03,35.0
363,1945-04,35.0
364,1945-05,35.0
365,1945-06,35.0
366,1945-07,35.0
367,1945-08,35.0
368,1945-09,35.0
369,1945-10,35.0
370,1945-11,35.0
371,1945-12,35.0
372,1946-01,35.0
373,1946-02,35.0
374,1946-03,35.0
375,1946-04,35.0
376,1946-05,35.0
377,1946-06,35.0
378,1946-07,35.0
379,1946-08,35.0
380,1946-09,35.0
381,1946-10,35.0
382,1946-11,35.0
383,1946-12,35.0
384,1947-01,35.0
385,1947-02,35.0
386,1947-03,35.0
387,1947-04,35.0
388,1947-05,35.0
389,1947-06,35.0
390,1947-07,35.0
391,1947-08,35.0
392,1947-09,35.0
393,1947-10,35.0
394,1947-11,35.0
395,1947-12,35.0
396,1948-01,35.0
397,1948-02,35.0
398,1948-03,35.0
399,1948-04,35.0
400,1948-05,35.0
401,1948-06,35.0
402,1948-07,35.0
403,1948-08,35.0
404,1948-09,35.0
405,1948-10,35.0
406,1948-11,35.0
407,1948-12,35.0
408,1949-01,31.88
409,1949-02,31.88
410,1949-03,31.88
411,1949-04,31.88
412,1949-05,31.88
413,1949-06,31.88
414,1949-07,31.88
415,1949-08,31.88
416,1949-09,31.88
417,1949-10,31.88
418,1949-11,31.88
419,1949-12,31.88
420,1950-01,35.0
421,1950-02,35.0
422,1950-03,35.0
423,1950-04,35.0
424,1950-05,35.0
425,1950-06,35.0
426,1950-07,35.0
427,1950-08,35.0
428,1950-09,35.0
429,1950-10,35.0
430,1950-11,35.0
431,1950-12,35.0
432,1951-01,35.0
433,1951-02,35.0
434,1951-03,35.0
435,1951-04,35.0
436,1951-05,35.0
437,1951-06,35.0
438,1951-07,35.0
439,1951-08,35.0
440,1951-09,35.0
441,1951-10,35.0
442,1951-11,35.0
443,1951-12,35.0
444,1952-01,34.69
445,1952-02,34.69
446,1952-03,34.69
447,1952-04,34.69
448,1952-05,34.69
449,1952-06,34.69
450,1952-07,34.69
451,1952-08,34.69
452,1952-09,34.69
453,1952-10,34.69
454,1952-11,34.69
455,1952-12,34.69
456,1953-01,35.0
457,1953-02,35.0
458,1953-03,35.0
459,1953-04,35.0
460,1953-05,35.0
461,1953-06,35.0
462,1953-07,35.0
463,1953-08,35.0
464,1953-09,35.0
465,1953-10,35.0
466,1953-11,35.0
467,1953-12,35.0
468,1954-01,35.31
469,1954-02,35.31
470,1954-03,35.31
471,1954-04,35.31
472,1954-05,35.31
473,1954-06,35.31
474,1954-07,35.31
475,1954-08,35.31
476,1954-09,35.31
477,1954-10,35.31
478,1954-11,35.31
479,1954-12,35.31
480,1955-01,35.31
481,1955-02,35.31
482,1955-03,35.31
483,1955-04,35.31
484,1955-05,35.31
485,1955-06,35.31
486,1955-07,35.31
487,1955-08,35.31
488,1955-09,35.31
489,1955-10,35.31
490,1955-11,35.31
491,1955-12,35.31
492,1956-01,35.31
493,1956-02,35.31
494,1956-03,35.31
495,1956-04,35.31
496,1956-05,35.31
497,1956-06,35.31
498,1956-07,35.31
499,1956-08,35.31
500,1956-09,35.31
501,1956-10,35.31
502,1956-11,35.31
503,1956-12,35.31
504,1957-01,35.0
505,1957-02,35.0
506,1957-03,35.0
507,1957-04,35.0
508,1957-05,35.0
509,1957-06,35.0
510,1957-07,35.0
511,1957-08,35.0
512,1957-09,35.0
513,1957-10,35.0
514,1957-11,35.0
515,1957-12,35.0
516,1958-01,35.31
517,1958-02,35.31
518,1958-03,35.31
519,1958-04,35.31
520,1958-05,35.31
521,1958-06,35.31
522,1958-07,35.31
523,1958-08,35.31
524,1958-09,35.31
525,1958-10,35.31
526,1958-11,35.31
527,1958-12,35.31
528,1959-01,35.31
529,1959-02,35.31
530,1959-03,35.31
531,1959-04,35.31
532,1959-05,35.31
533,1959-06,35.31
534,1959-07,35.31
535,1959-08,35.31
536,1959-09,35.31
537,1959-10,35.31
538,1959-11,35.31
539,1959-12,35.31
540,1960-01,35.31
541,1960-02,35.31
542,1960-03,35.31
543,1960-04,35.31
544,1960-05,35.31
545,1960-06,35.31
546,1960-07,35.31
547,1960-08,35.31
548,1960-09,35.31
549,1960-10,35.31
550,1960-11,35.31
551,1960-12,35.31
552,1961-01,35.31
553,1961-02,35.31
554,1961-03,35.31
555,1961-04,35.31
556,1961-05,35.31
557,1961-06,35.31
558,1961-07,35.31
559,1961-08,35.31
560,1961-09,35.31
561,1961-10,35.31
562,1961-11,35.31
563,1961-12,35.31
564,1962-01,35.31
565,1962-02,35.31
566,1962-03,35.31
567,1962-04,35.31
568,1962-05,35.31
569,1962-06,35.31
570,1962-07,35.31
571,1962-08,35.31
572,1962-09,35.31
573,1962-10,35.31
574,1962-11,35.31
575,1962-12,35.31
576,1963-01,35.31
577,1963-02,35.31
578,1963-03,35.31
579,1963-04,35.31
580,1963-05,35.31
581,1963-06,35.31
582,1963-07,35.31
583,1963-08,35.31
584,1963-09,35.31
585,1963-10,35.31
586,1963-11,35.31
587,1963-12,35.31
588,1964-01,35.31
589,1964-02,35.31
590,1964-03,35.31
591,1964-04,35.31
592,1964-05,35.31
593,1964-06,35.31
594,1964-07,35.31
595,1964-08,35.31
596,1964-09,35.31
597,1964-10,35.31
598,1964-11,35.31
599,1964-12,35.31
600,1965-01,35.31
601,1965-02,35.31
602,1965-03,35.31
603,1965-04,35.31
604,1965-05,35.31
605,1965-06,35.31
606,1965-07,35.31
607,1965-08,35.31
608,1965-09,35.31
609,1965-10,35.31
610,1965-11,35.31
611,1965-12,35.31
612,1966-01,35.31
613,1966-02,35.31
614,1966-03,35.31
615,1966-04,35.31
616,1966-05,35.31
617,1966-06,35.31
618,1966-07,35.31
619,1966-08,35.31
620,1966-09,35.31
621,1966-10,35.31
622,1966-11,35.31
623,1966-12,35.31
624,1967-01,35.31
625,1967-02,35.31
626,1967-03,35.31
627,1967-04,35.31
628,1967-05,35.31
629,1967-06,35.31
630,1967-07,35.31
631,1967-08,35.31
632,1967-09,35.31
633,1967-10,35.31
634,1967-11,35.31
635,1967-12,35.31
636,1968-01,40.31
637,1968-02,40.31
638,1968-03,40.31
639,1968-04,40.31
640,1968-05,40.31
641,1968-06,40.31
642,1968-07,40.31
643,1968-08,40.31
644,1968-09,40.31
645,1968-10,40.31
646,1968-11,40.31
647,1968-12,40.31
648,1969-01,41.88
649,1969-02,41.88
650,1969-03,41.88
651,1969-04,41.88
652,1969-05,41.88
653,1969-06,41.88
654,1969-07,41.88
655,1969-08,41.88
656,1969-09,41.88
657,1969-10,41.88
658,1969-11,41.88
659,1969-12,41.88
660,1970-01,36.56
661,1970-02,36.56
662,1970-03,36.56
663,1970-04,36.56
664,1970-05,36.56
665,1970-06,36.56
666,1970-07,36.56
667,1970-08,36.56
668,1970-09,36.56
669,1970-10,36.56
670,1970-11,36.56
671,1970-12,36.56
672,1971-01,37.88
673,1971-02,38.74
674,1971-03,38.87
675,1971-04,39.01
676,1971-05,40.52
677,1971-06,40.1
678,1971-07,40.95
679,1971-08,42.71
680,1971-09,42.03
681,1971-10,42.5
682,1971-11,42.86
683,1971-12,43.48
684,1972-01,45.75
685,1972-02,48.26
686,1972-03,48.33
687,1972-04,49.03
688,1972-05,54.62
689,1972-06,62.09
690,1972-07,65.66
691,1972-08,67.03
692,1972-09,65.46
693,1972-10,64.86
694,1972-11,62.91
695,1972-12,63.91
696,1973-01,65.14
697,1973-02,74.2
698,1973-03,84.46
699,1973-04,90.51
700,1973-05,102.56
701,1973-06,120.2
702,1973-07,119.92
703,1973-08,106.58
704,1973-09,102.67
705,1973-10,100.08
706,1973-11,95.22
707,1973-12,106.75
708,1974-01,129.51
709,1974-02,151.22
710,1974-03,168.58
711,1974-04,172.12
712,1974-05,162.95
713,1974-06,153.79
714,1974-07,143.99
715,1974-08,154.49
716,1974-09,151.42
717,1974-10,158.98
718,1974-11,182.5
719,1974-12,183.72
720,1975-01,176.52
721,1975-02,179.73
722,1975-03,178.04
723,1975-04,169.58
724,1975-05,167.27
725,1975-06,164.36
726,1975-07,165.17
727,1975-08,162.7
728,1975-09,143.83
729,1975-10,142.75
730,1975-11,142.28
731,1975-12,139.31
732,1976-01,131.25
733,1976-02,131.14
734,1976-03,132.51
735,1976-04,127.92
736,1976-05,126.89
737,1976-06,125.62
738,1976-07,117.51
739,1976-08,109.78
740,1976-09,114.38
741,1976-10,116.16
742,1976-11,130.64
743,1976-12,133.95
744,1977-01,132.2
745,1977-02,136.52
746,1977-03,148.38
747,1977-04,149.17
748,1977-05,146.5
749,1977-06,140.75
750,1977-07,143.43
751,1977-08,144.98
752,1977-09,149.75
753,1977-10,159.03
754,1977-11,162.05
755,1977-12,160.33
756,1978-01,173.35
757,1978-02,178.31
758,1978-03,183.68
759,1978-04,174.7
760,1978-05,176.64
761,1978-06,183.76
762,1978-07,189.25
763,1978-08,206.37
764,1978-09,212.29
765,1978-10,227.63
766,1978-11,205.33
767,1978-12,207.7
768,1979-01,227.33
769,1979-02,246.16
770,1979-03,241.84
771,1979-04,239.36
772,1979-05,258.27
773,1979-06,279.24
774,1979-07,294.86
775,1979-08,301.55
776,1979-09,357.41
777,1979-10,390.87
778,1979-11,393.14
779,1979-12,455.92
780,1980-01,677.97
781,1980-02,664.3
782,1980-03,550.62
783,1980-04,516.92
784,1980-05,515.61
785,1980-06,603.06
786,1980-07,643.46
787,1980-08,627.32
788,1980-09,674.84
789,1980-10,660.25
790,1980-11,623.33
791,1980-12,593.84
792,1981-01,555.83
793,1981-02,499.06
794,1981-03,499.87
795,1981-04,495.13
796,1981-05,479.37
797,1981-06,459.35
798,1981-07,408.61
799,1981-08,410.91
800,1981-09,444.1
801,1981-10,437.6
802,1981-11,412.71
803,1981-12,410.3
804,1982-01,383.95
805,1982-02,373.67
806,1982-03,329.51
807,1982-04,350.66
808,1982-05,333.21
809,1982-06,314.79
810,1982-07,339.9
811,1982-08,365.51
812,1982-09,437.24
813,1982-10,422.73
814,1982-11,415.21
815,1982-12,444.4
816,1983-01,482.76
817,1983-02,488.75
818,1983-03,419.94
819,1983-04,432.98
820,1983-05,437.42
821,1983-06,412.98
822,1983-07,422.6
823,1983-08,416.34
824,1983-09,411.18
825,1983-10,393.31
826,1983-11,382.18
827,1983-12,388.03
828,1984-01,370.8
829,1984-02,386.57
830,1984-03,394.13
831,1984-04,380.91
832,1984-05,377.81
833,1984-06,377.1
834,1984-07,346.76
835,1984-08,347.8
836,1984-09,341.12
837,1984-10,339.92
838,1984-11,341.08
839,1984-12,319.56
840,1985-01,302.25
841,1985-02,298.32
842,1985-03,304.47
843,1985-04,325.06
844,1985-05,316.5
845,1985-06,316.39
846,1985-07,317.62
847,1985-08,329.97
848,1985-09,322.77
849,1985-10,325.87
850,1985-11,325.2
851,1985-12,321.61
852,1986-01,345.85
853,1986-02,338.6
854,1986-03,345.64
855,1986-04,340.71
856,1986-05,342.49
857,1986-06,342.65
858,1986-07,348.68
859,1986-08,377.36
860,1986-09,418.05
861,1986-10,423.13
862,1986-11,397.69
863,1986-12,390.8
864,1987-01,408.29
865,1987-02,401.02
866,1987-03,409.24
867,1987-04,439.28
868,1987-05,459.95
869,1987-06,449.66
870,1987-07,451.14
871,1987-08,460.66
872,1987-09,460.23
873,1987-10,465.69
874,1987-11,468.01
875,1987-12,486.74
876,1988-01,475.89
877,1988-02,441.52
878,1988-03,443.63
879,1988-04,451.62
880,1988-05,451.14
881,1988-06,450.88
882,1988-07,437.56
883,1988-08,431.18
884,1988-09,412.02
885,1988-10,407.14
886,1988-11,420.48
887,1988-12,418.92
888,1989-01,403.57
889,1989-02,387.55
890,1989-03,390.02
891,1989-04,384.37
892,1989-05,370.62
893,1989-06,367.9
894,1989-07,374.91
895,1989-08,365.15
896,1989-09,361.91
897,1989-10,367.03
898,1989-11,395.19
899,1989-12,409.25
900,1990-01,410.49
901,1990-02,416.58
902,1990-03,392.21
903,1990-04,374.29
904,1990-05,369.05
905,1990-06,352.19
906,1990-07,362.85
907,1990-08,395.47
908,1990-09,388.82
909,1990-10,380.39
910,1990-11,381.73
911,1990-12,377.69
912,1991-01,383.04
913,1991-02,363.89
914,1991-03,363.23
915,1991-04,358.37
916,1991-05,356.97
917,1991-06,366.87
918,1991-07,367.57
919,1991-08,355.88
920,1991-09,348.88
921,1991-10,358.77
922,1991-11,360.42
923,1991-12,361.08
924,1992-01,354.57
925,1992-02,353.73
926,1992-03,344.2
927,1992-04,338.34
928,1992-05,337.21
929,1992-06,340.96
930,1992-07,353.29
931,1992-08,342.67
932,1992-09,345.71
933,1992-10,344.17
934,1992-11,334.92
935,1992-12,334.81
936,1993-01,329.05
937,1993-02,329.31
938,1993-03,330.25
939,1993-04,341.89
940,1993-05,367.74
941,1993-06,371.93
942,1993-07,392.79
943,1993-08,377.97
944,1993-09,354.93
945,1993-10,364.4
946,1993-11,374.05
947,1993-12,383.63
948,1994-01,386.56
949,1994-02,381.9
950,1994-03,384.08
951,1994-04,377.29
952,1994-05,381.54
953,1994-06,385.6
954,1994-07,385.47
955,1994-08,380.4
956,1994-09,391.74
957,1994-10,389.57
958,1994-11,384.29
959,1994-12,379.26
960,1995-01,378.44
961,1995-02,376.63
962,1995-03,382.48
963,1995-04,390.89
964,1995-05,385.04
965,1995-06,387.58
966,1995-07,386.19
967,1995-08,383.78
968,1995-09,383.1
969,1995-10,383.25
970,1995-11,385.19
971,1995-12,387.35
972,1996-01,400.49
973,1996-02,404.53
974,1996-03,396.15
975,1996-04,392.79
976,1996-05,391.96
977,1996-06,385.04
978,1996-07,383.58
979,1996-08,387.46
980,1996-09,382.9
981,1996-10,381.04
982,1996-11,377.69
983,1996-12,368.95
984,1997-01,353.87
985,1997-02,347.03
986,1997-03,351.49
987,1997-04,344.23
988,1997-05,344.09
989,1997-06,340.51
990,1997-07,323.9
991,1997-08,324.02
992,1997-09,323.11
993,1997-10,324.36
994,1997-11,305.55
995,1997-12,288.59
996,1998-01,289.15
997,1998-02,297.49
998,1998-03,295.94
999,1998-04,308.29
1000,1998-05,299.1
1001,1998-06,292.32
1002,1998-07,292.87
1003,1998-08,284.11
1004,1998-09,288.98
1005,1998-10,295.93
1006,1998-11,294.17
1007,1998-12,291.68
1008,1999-01,287.07
1009,1999-02,287.33
1010,1999-03,285.96
1011,1999-04,282.62
1012,1999-05,276.44
1013,1999-06,261.31
1014,1999-07,256.08
1015,1999-08,256.69
1016,1999-09,264.74
1017,1999-10,310.72
1018,1999-11,293.18
1019,1999-12,283.07
1020,2000-01,284.32
1021,2000-02,299.86
1022,2000-03,286.39
1023,2000-04,279.69
1024,2000-05,275.19
1025,2000-06,285.73
1026,2000-07,281.59
1027,2000-08,274.47
1028,2000-09,273.68
1029,2000-10,270.0
1030,2000-11,266.01
1031,2000-12,271.45
1032,2001-01,265.49
1033,2001-02,261.87
1034,2001-03,263.03
1035,2001-04,260.48
1036,2001-05,272.36
1037,2001-06,269.82
1038,2001-07,267.53
1039,2001-08,272.39
1040,2001-09,283.42
1041,2001-10,283.06
1042,2001-11,276.16
1043,2001-12,275.85
1044,2002-01,281.51
1045,2002-02,295.5
1046,2002-03,294.06
1047,2002-04,302.68
1048,2002-05,314.58
1049,2002-06,321.18
1050,2002-07,313.29
1051,2002-08,310.25
1052,2002-09,319.14
1053,2002-10,316.56
1054,2002-11,319.07
1055,2002-12,331.92
1056,2003-01,356.86
1057,2003-02,358.97
1058,2003-03,340.55
1059,2003-04,328.18
1060,2003-05,355.68
1061,2003-06,356.35
1062,2003-07,350.99
1063,2003-08,359.77
1064,2003-09,378.95
1065,2003-10,378.92
1066,2003-11,389.91
1067,2003-12,406.11
1068,2004-01,413.79
1069,2004-02,404.95
1070,2004-03,406.67
1071,2004-04,403.26
1072,2004-05,383.78
1073,2004-06,392.48
1074,2004-07,398.09
1075,2004-08,400.51
1076,2004-09,405.28
1077,2004-10,420.46
1078,2004-11,439.38
1079,2004-12,442.08
1080,2005-01,424.03
1081,2005-02,423.35
1082,2005-03,434.32
1083,2005-04,429.23
1084,2005-05,421.87
1085,2005-06,430.66
1086,2005-07,424.48
1087,2005-08,437.93
1088,2005-09,456.05
1089,2005-10,469.9
1090,2005-11,476.67
1091,2005-12,510.1
1092,2006-01,549.86
1093,2006-02,555.0
1094,2006-03,557.09
1095,2006-04,610.65
1096,2006-05,675.39
1097,2006-06,596.15
1098,2006-07,633.71
1099,2006-08,632.33
1100,2006-09,598.06
1101,2006-10,585.78
1102,2006-11,627.83
1103,2006-12,629.42
1104,2007-01,631.17
1105,2007-02,664.75
1106,2007-03,654.9
1107,2007-04,679.37
1108,2007-05,666.92
1109,2007-06,655.49
1110,2007-07,665.3
1111,2007-08,665.41
1112,2007-09,712.65
1113,2007-10,754.6
1114,2007-11,806.25
1115,2007-12,803.2
1116,2008-01,889.6
1117,2008-02,922.3
1118,2008-03,968.43
1119,2008-04,909.7
1120,2008-05,890.51
1121,2008-06,930.0
1122,2008-07,920.0
1123,2008-08,835.0
1124,2008-09,888.5
1125,2008-10,730.75
1126,2008-11,814.5
1127,2008-12,869.75
1128,2009-01,919.5
1129,2009-02,952.0
1130,2009-03,897.75
1131,2009-04,883.25
1132,2009-05,975.5
1133,2009-06,934.5
1134,2009-07,939.0
1135,2009-08,955.5
1136,2009-09,1015.75
1137,2009-10,1040.0
1138,2009-11,1175.75
1139,2009-12,1087.5
1140,2010-01,1078.5
1141,2010-02,1108.25
1142,2010-03,1115.5
1143,2010-04,1179.25
1144,2010-05,1207.5
1145,2010-06,1234.5
1146,2010-07,1169.0
1147,2010-08,1235.0
1148,2010-09,1294.0
1149,2010-10,1346.75
1150,2010-11,1383.5
1151,2010-12,1405.5
1152,2011-01,1327.0
1153,2011-02,1411.0
1154,2011-03,1439.0
1155,2011-04,1535.5
1156,2011-05,1533.0
1157,2011-06,1504.25
1158,2011-07,1613.5
1159,2011-08,1825.0
1160,2011-09,1620.0
1161,2011-10,1722.0
1162,2011-11,1746.0
1163,2011-12,1531.0
1164,2012-01,1744.0
1165,2012-02,1770.0
1166,2012-03,1662.5
1167,2012-04,1651.25
1168,2012-05,1558.0
1169,2012-06,1598.5
1170,2012-07,1622.0
1171,2012-08,1648.5
1172,2012-09,1776.0
1173,2012-10,1719.0
1174,2012-11,1726.0
1175,2012-12,1657.5
1176,2013-01,1664.75
1177,2013-02,1588.5
1178,2013-03,1598.25
1179,2013-04,1469.0
1180,2013-05,1394.5
1181,2013-06,1192.0
1182,2013-07,1314.5
1183,2013-08,1394.75
1184,2013-09,1326.5
1185,2013-10,1324.0
1186,2013-11,1253.0
1187,2013-12,1204.5
1188,2014-01,1251.0
1189,2014-02,1326.5
1190,2014-03,1291.75
1191,2014-04,1288.5
1192,2014-05,1250.5
1193,2014-06,1315.0
1194,2014-07,1285.25
1195,2014-08,1285.75
1196,2014-09,1216.5
1197,2014-10,1164.25
1198,2014-11,1182.75
1199,2014-12,1206.0
1200,2015-01,1260.25
1201,2015-02,1214.0
1202,2015-03,1187.0
1203,2015-04,1180.25
1204,2015-05,1191.4
1205,2015-06,1171.0
1206,2015-07,1098.4
1207,2015-08,1135.0
1208,2015-09,1114.0
1209,2015-10,1142.35
1210,2015-11,1061.9
1211,2015-12,1069.25
1212,2016-01,1114.7
1213,2016-02,1122.0
1214,2016-03,1240.0
1215,2016-04,1230.85
1216,2016-05,1217.5
1217,2016-06,1320.6
1218,2016-07,1357.5
1219,2016-08,1311.4
1220,2016-09,1317.1
1221,2016-10,1273.1
1222,2016-11,1173.9
1223,2016-12,1151.7
1224,2017-01,1211.4
1225,2017-02,1253.9
1226,2017-03,1251.2
1227,2017-04,1268.3
1228,2017-05,1275.4
1229,2017-06,1242.3
1230,2017-07,1273.4
1231,2017-08,1322.2
1232,2017-09,1284.8
1233,2017-10,1270.5
1234,2017-11,1282.15
1235,2017-12,1296.5
1236,2018-01,1343.35
1237,2018-02,1320.3
1238,2018-03,1323.9
1239,2018-04,1316.25
1240,2018-05,1303.5
1241,2018-06,1250.55
1242,2018-07,1219.2
1243,2018-08,1206.85
1244,2018-09,1183.5
1245,2018-10,1217.7
1246,2018-11,1220.45
1247,2018-12,1281.65
1248,2019-01,1322.5
1249,2019-02,1325.45
1250,2019-03,1291.15
1251,2019-04,1285.15
1252,2019-05,1296.0
1253,2019-06,1413.2
1254,2019-07,1430.55
1255,2019-08,1526.55
1256,2019-09,1487.6
1257,2019-10,1506.4
1258,2019-11,1456.35
1259,2019-12,1523.0
1260,2020-01,1580.85
1261,2020-02,1626.35
1262,2020-03,1604.65
1263,2020-04,1716.75
1264,2020-05,1732.45